-- phpMyAdmin SQL Dump
-- version 4.0.10deb1
-- http://www.phpmyadmin.net
--
-- 主機: localhost
-- 建立日期: 2017 年 06 月 22 日 15:54
-- 伺服器版本: 5.5.53-0ubuntu0.14.04.1
-- PHP 版本: 5.5.9-1ubuntu4.20

SET SQL_MODE = "NO_AUTO_VALUE_ON_ZERO";
SET time_zone = "+00:00";


/*!40101 SET @OLD_CHARACTER_SET_CLIENT=@@CHARACTER_SET_CLIENT */;
/*!40101 SET @OLD_CHARACTER_SET_RESULTS=@@CHARACTER_SET_RESULTS */;
/*!40101 SET @OLD_COLLATION_CONNECTION=@@COLLATION_CONNECTION */;
/*!40101 SET NAMES utf8 */;

--
-- 資料庫: `travel`
--

-- --------------------------------------------------------

--
-- 資料表結構 `contact`
--

CREATE TABLE IF NOT EXISTS `contact` (
  `contact_id` varchar(30) NOT NULL,
  `member_id` varchar(20) NOT NULL,
  `contact_type` varchar(10) NOT NULL,
  `contact_title` varchar(10) NOT NULL,
  `contact_content` varchar(2000) NOT NULL,
  PRIMARY KEY (`contact_id`),
  KEY `member_id` (`member_id`)
) ENGINE=InnoDB DEFAULT CHARSET=utf8;

--
-- 資料表的匯出資料 `contact`
--

INSERT INTO `contact` (`contact_id`, `member_id`, `contact_type`, `contact_title`, `contact_content`) VALUES
('10009999991488764067', '1000999999', '景點推薦', '啾啾啾啾!', '啾啾~啾啾啾啾!\r\n啾啾?啾!啾啾啾啾啾啾.....\r\n啾啾啾~\r\n啾啾啾??啾啾啾啾~啾啾!\r\n啾啾啾啾啾啾啾啾!!!!!'),
('14734966093393831488709101', '1473496609339383', '旅遊諮詢', '呵呵', '很有意見'),
('19123456781488668013', '1912345678', '網站刊物', '安安', '可以發展旅遊周刊嗎'),
('19123456781488668188', '1912345678', '服務品質', '安安', '服務品質有保障'),
('19632145781488669470', '1963214578', '服務品質', '開心', '服務品質好到讓我很開心!'),
('19632145781488669504', '1963214578', '旅遊諮詢', '南投', '希望否放旅遊網能推出完整的南投套票行程~'),
('19632145781488669643', '1963214578', '旅遊諮詢', '離島', '希望旅遊網能推出離島方面的套票行程'),
('19652147561488670114', '1965214756', '景點推薦', '雲嘉地區', '拜託否放旅遊網近期能推出雲嘉地區景點行程!!!'),
('19777777771488668504', '1977777777', '景點推薦', '東部', '宜蘭方面行程可以更多!\r\n謝謝否放旅遊網~'),
('19777777771488668560', '1977777777', '服務品質', '服務', '服務態度非常良好唷!'),
('19777777771488668742', '1977777777', '景點推薦', '彰化', '推薦彰化中部方面行程可以更多元!'),
('3440224627', '1951514116', '服務品質', '開心', '否放旅遊網讓我放心安心開心順心'),
('6603504274874461488717444', '660350427487446', '旅遊諮詢', '123456', 'ZZZZ'),
('manager1488711066', 'manager', '網站刊物', '雜誌', '希望能推出否放旅遊網的雜誌~~');

-- --------------------------------------------------------

--
-- 資料表結構 `favorite`
--

CREATE TABLE IF NOT EXISTS `favorite` (
  `favarite_id` varchar(20) NOT NULL,
  `member_id` varchar(20) NOT NULL,
  `travel_id` varchar(20) NOT NULL,
  PRIMARY KEY (`favarite_id`),
  KEY `member_id` (`member_id`),
  KEY `travel_id` (`travel_id`),
  KEY `travel_id_2` (`travel_id`),
  KEY `travel_id_3` (`travel_id`)
) ENGINE=InnoDB DEFAULT CHARSET=utf8;

--
-- 資料表的匯出資料 `favorite`
--

INSERT INTO `favorite` (`favarite_id`, `member_id`, `travel_id`) VALUES
('1075414584003', '1075414584', '003'),
('1252084021584664001', '1252084021584664', '001'),
('1252084021584664002', '1252084021584664', '002'),
('1252084021584664003', '1252084021584664', '003'),
('1252084021584664004', '1252084021584664', '004'),
('1252084021584664005', '1252084021584664', '005'),
('1252084021584664006', '1252084021584664', '006'),
('1252084021584664007', '1252084021584664', '007'),
('1252084021584664008', '1252084021584664', '008'),
('1252084021584664009', '1252084021584664', '009'),
('1252084021584664010', '1252084021584664', '010'),
('1252084021584664014', '1252084021584664', '014'),
('1252084021584664028', '1252084021584664', '028'),
('1252084021584664029', '1252084021584664', '029'),
('1252084021584664033', '1252084021584664', '033'),
('1252084021584664036', '1252084021584664', '036'),
('1252084021584664038', '1252084021584664', '038'),
('1252084021584664039', '1252084021584664', '039'),
('1252084021584664040', '1252084021584664', '040'),
('1252084021584664041', '1252084021584664', '041'),
('1252084021584664043', '1252084021584664', '043'),
('1316445198463648003', '1316445198463648', '003'),
('1316445198463648007', '1316445198463648', '007'),
('1316445198463648009', '1316445198463648', '009'),
('1316445198463648038', '1316445198463648', '038'),
('1316445198463648039', '1316445198463648', '039'),
('1316445198463648040', '1316445198463648', '040'),
('1316445198463648046', '1316445198463648', '046'),
('1316445198463648047', '1316445198463648', '047'),
('1331035466951059001', '1331035466951059', '001'),
('1331035466951059003', '1331035466951059', '003'),
('1331035466951059015', '1331035466951059', '015'),
('1473496609339383038', '1473496609339383', '038'),
('1567983983235475015', '1567983983235475', '015'),
('1567983983235475019', '1567983983235475', '019'),
('1910446959001', '1910446959', '001'),
('1910446959007', '1910446959', '007'),
('1910446959011', '1910446959', '011'),
('1910446959014', '1910446959', '014'),
('1910446959015', '1910446959', '015'),
('1910446959016', '1910446959', '016'),
('1910446959018', '1910446959', '018'),
('1910446959019', '1910446959', '019'),
('1910446959021', '1910446959', '021'),
('1910446959023', '1910446959', '023'),
('1910446959025', '1910446959', '025'),
('1910446959036', '1910446959', '036'),
('1910446959037', '1910446959', '037'),
('1910446959038', '1910446959', '038'),
('1910446959039', '1910446959', '039'),
('1910446959040', '1910446959', '040'),
('1910446959044', '1910446959', '044'),
('1910446959045', '1910446959', '045'),
('1910446959046', '1910446959', '046'),
('1911458692001', '1911458692', '001'),
('1911458692002', '1911458692', '002'),
('1911458692003', '1911458692', '003'),
('1911458692005', '1911458692', '005'),
('1911458692006', '1911458692', '006'),
('1911458692007', '1911458692', '007'),
('1911458692008', '1911458692', '008'),
('1911458692010', '1911458692', '010'),
('1911458692012', '1911458692', '012'),
('1911458692014', '1911458692', '014'),
('1911458692015', '1911458692', '015'),
('1911458692016', '1911458692', '016'),
('1911458692020', '1911458692', '020'),
('1911458692021', '1911458692', '021'),
('1911458692023', '1911458692', '023'),
('1911458692026', '1911458692', '026'),
('1911458692027', '1911458692', '027'),
('1911458692030', '1911458692', '030'),
('1911458692031', '1911458692', '031'),
('1911458692032', '1911458692', '032'),
('1911458692033', '1911458692', '033'),
('1911458692034', '1911458692', '034'),
('1911458692035', '1911458692', '035'),
('1911458692036', '1911458692', '036'),
('1911458692038', '1911458692', '038'),
('1911458692039', '1911458692', '039'),
('1911458692043', '1911458692', '043'),
('1911458692044', '1911458692', '044'),
('1911458692045', '1911458692', '045'),
('1912345678001', '1912345678', '001'),
('1912345678003', '1912345678', '003'),
('1912345678005', '1912345678', '005'),
('1912345678006', '1912345678', '006'),
('1912345678010', '1912345678', '010'),
('1912345678013', '1912345678', '013'),
('1912345678015', '1912345678', '015'),
('1912345678017', '1912345678', '017'),
('1912345678019', '1912345678', '019'),
('1912345678021', '1912345678', '021'),
('1912345678023', '1912345678', '023'),
('1912345678025', '1912345678', '025'),
('1912345678028', '1912345678', '028'),
('1912345678030', '1912345678', '030'),
('1912345678036', '1912345678', '036'),
('1912345678037', '1912345678', '037'),
('1912345678038', '1912345678', '038'),
('1912345678040', '1912345678', '040'),
('1912345678042', '1912345678', '042'),
('1912345678046', '1912345678', '046'),
('1914593337002', '1914593337', '002'),
('1914593337003', '1914593337', '003'),
('1914593337004', '1914593337', '004'),
('1914593337008', '1914593337', '008'),
('1914593337009', '1914593337', '009'),
('1914593337015', '1914593337', '015'),
('1914593337017', '1914593337', '017'),
('1914593337020', '1914593337', '020'),
('1914593337023', '1914593337', '023'),
('1914593337027', '1914593337', '027'),
('1914593337035', '1914593337', '035'),
('1914593337036', '1914593337', '036'),
('1914593337037', '1914593337', '037'),
('1914593337039', '1914593337', '039'),
('1914593337041', '1914593337', '041'),
('1914593337044', '1914593337', '044'),
('1914593337046', '1914593337', '046'),
('1914984396001', '1914984396', '001'),
('1914984396002', '1914984396', '002'),
('1914984396007', '1914984396', '007'),
('1914984396008', '1914984396', '008'),
('1914984396010', '1914984396', '010'),
('1914984396012', '1914984396', '012'),
('1914984396014', '1914984396', '014'),
('1914984396016', '1914984396', '016'),
('1914984396018', '1914984396', '018'),
('1914984396019', '1914984396', '019'),
('1914984396021', '1914984396', '021'),
('1914984396022', '1914984396', '022'),
('1914984396025', '1914984396', '025'),
('1914984396027', '1914984396', '027'),
('1914984396037', '1914984396', '037'),
('1914984396039', '1914984396', '039'),
('1914984396040', '1914984396', '040'),
('1914984396043', '1914984396', '043'),
('1914984396045', '1914984396', '045'),
('1916348476002', '1916348476', '002'),
('1916348476003', '1916348476', '003'),
('1916348476005', '1916348476', '005'),
('1916348476006', '1916348476', '006'),
('1916348476007', '1916348476', '007'),
('1916348476010', '1916348476', '010'),
('1916348476012', '1916348476', '012'),
('1916348476015', '1916348476', '015'),
('1916348476016', '1916348476', '016'),
('1916348476018', '1916348476', '018'),
('1916348476020', '1916348476', '020'),
('1916348476021', '1916348476', '021'),
('1916348476023', '1916348476', '023'),
('1916348476026', '1916348476', '026'),
('1916348476028', '1916348476', '028'),
('1916348476030', '1916348476', '030'),
('1916348476031', '1916348476', '031'),
('1916348476036', '1916348476', '036'),
('1916348476037', '1916348476', '037'),
('1916348476038', '1916348476', '038'),
('1916348476040', '1916348476', '040'),
('1916348476041', '1916348476', '041'),
('1916348476043', '1916348476', '043'),
('1916348476044', '1916348476', '044'),
('1916348476045', '1916348476', '045'),
('1916348476046', '1916348476', '046'),
('1922980892001', '1922980892', '001'),
('1922980892002', '1922980892', '002'),
('1922980892007', '1922980892', '007'),
('1922980892009', '1922980892', '009'),
('1922980892012', '1922980892', '012'),
('1922980892014', '1922980892', '014'),
('1922980892016', '1922980892', '016'),
('1922980892020', '1922980892', '020'),
('1922980892021', '1922980892', '021'),
('1922980892023', '1922980892', '023'),
('1922980892025', '1922980892', '025'),
('1922980892027', '1922980892', '027'),
('1922980892032', '1922980892', '032'),
('1922980892037', '1922980892', '037'),
('1922980892038', '1922980892', '038'),
('1922980892039', '1922980892', '039'),
('1922980892040', '1922980892', '040'),
('1922980892044', '1922980892', '044'),
('1922980892045', '1922980892', '045'),
('1923426703003', '1923426703', '003'),
('1923426703007', '1923426703', '007'),
('1923426703008', '1923426703', '008'),
('1923426703009', '1923426703', '009'),
('1923426703010', '1923426703', '010'),
('1923426703011', '1923426703', '011'),
('1923426703012', '1923426703', '012'),
('1923426703015', '1923426703', '015'),
('1923426703016', '1923426703', '016'),
('1923426703022', '1923426703', '022'),
('1923426703023', '1923426703', '023'),
('1923426703024', '1923426703', '024'),
('1923426703031', '1923426703', '031'),
('1923426703034', '1923426703', '034'),
('1923426703035', '1923426703', '035'),
('1923426703036', '1923426703', '036'),
('1923426703037', '1923426703', '037'),
('1923426703038', '1923426703', '038'),
('1923426703039', '1923426703', '039'),
('1923426703040', '1923426703', '040'),
('1923426703042', '1923426703', '042'),
('1923426703043', '1923426703', '043'),
('1923426703046', '1923426703', '046'),
('1928458509001', '1928458509', '001'),
('1928458509002', '1928458509', '002'),
('1928458509007', '1928458509', '007'),
('1928458509010', '1928458509', '010'),
('1928458509012', '1928458509', '012'),
('1928458509015', '1928458509', '015'),
('1928458509017', '1928458509', '017'),
('1928458509020', '1928458509', '020'),
('1928458509022', '1928458509', '022'),
('1928458509023', '1928458509', '023'),
('1928458509025', '1928458509', '025'),
('1928458509027', '1928458509', '027'),
('1928458509032', '1928458509', '032'),
('1928458509033', '1928458509', '033'),
('1928458509035', '1928458509', '035'),
('1928458509037', '1928458509', '037'),
('1928458509039', '1928458509', '039'),
('1928458509040', '1928458509', '040'),
('1928458509041', '1928458509', '041'),
('1928458509044', '1928458509', '044'),
('1928458509045', '1928458509', '045'),
('1936129698001', '1936129698', '001'),
('1936129698002', '1936129698', '002'),
('1936129698004', '1936129698', '004'),
('1936129698007', '1936129698', '007'),
('1936129698008', '1936129698', '008'),
('1936129698009', '1936129698', '009'),
('1936129698010', '1936129698', '010'),
('1936129698012', '1936129698', '012'),
('1936129698013', '1936129698', '013'),
('1936129698014', '1936129698', '014'),
('1936129698015', '1936129698', '015'),
('1936129698016', '1936129698', '016'),
('1936129698021', '1936129698', '021'),
('1936129698022', '1936129698', '022'),
('1936129698023', '1936129698', '023'),
('1936129698031', '1936129698', '031'),
('1936129698035', '1936129698', '035'),
('1936129698037', '1936129698', '037'),
('1936129698039', '1936129698', '039'),
('1936129698043', '1936129698', '043'),
('1936129698044', '1936129698', '044'),
('1936129698045', '1936129698', '045'),
('1936129698046', '1936129698', '046'),
('1951452145001', '1951452145', '001'),
('1951452145003', '1951452145', '003'),
('1951452145006', '1951452145', '006'),
('1951452145009', '1951452145', '009'),
('1951452145011', '1951452145', '011'),
('1951452145015', '1951452145', '015'),
('1951452145016', '1951452145', '016'),
('1951452145018', '1951452145', '018'),
('1951452145020', '1951452145', '020'),
('1951452145022', '1951452145', '022'),
('1951452145025', '1951452145', '025'),
('1951452145029', '1951452145', '029'),
('1951452145030', '1951452145', '030'),
('1951452145031', '1951452145', '031'),
('1951452145033', '1951452145', '033'),
('1951452145034', '1951452145', '034'),
('1951452145036', '1951452145', '036'),
('1951452145037', '1951452145', '037'),
('1951452145038', '1951452145', '038'),
('1951452145040', '1951452145', '040'),
('1951452145043', '1951452145', '043'),
('1951452145045', '1951452145', '045'),
('1951452145046', '1951452145', '046'),
('1951514116001', '1951514116', '001'),
('1951514116004', '1951514116', '004'),
('1951514116007', '1951514116', '007'),
('1951514116009', '1951514116', '009'),
('1951514116011', '1951514116', '011'),
('1951514116029', '1951514116', '029'),
('1951514116032', '1951514116', '032'),
('1951514116035', '1951514116', '035'),
('1951514116036', '1951514116', '036'),
('1951514116038', '1951514116', '038'),
('1951514116040', '1951514116', '040'),
('1951514116046', '1951514116', '046'),
('1952147852001', '1952147852', '001'),
('1952147852003', '1952147852', '003'),
('1952147852004', '1952147852', '004'),
('1952147852005', '1952147852', '005'),
('1952147852006', '1952147852', '006'),
('1952147852007', '1952147852', '007'),
('1952147852011', '1952147852', '011'),
('1952147852014', '1952147852', '014'),
('1952147852015', '1952147852', '015'),
('1952147852016', '1952147852', '016'),
('1952147852018', '1952147852', '018'),
('1952147852020', '1952147852', '020'),
('1952147852023', '1952147852', '023'),
('1952147852026', '1952147852', '026'),
('1952147852030', '1952147852', '030'),
('1952147852032', '1952147852', '032'),
('1952147852036', '1952147852', '036'),
('1952147852037', '1952147852', '037'),
('1952147852038', '1952147852', '038'),
('1952147852041', '1952147852', '041'),
('1952147852044', '1952147852', '044'),
('1952147852046', '1952147852', '046'),
('1953043379001', '1953043379', '001'),
('1953043379002', '1953043379', '002'),
('1953043379004', '1953043379', '004'),
('1953043379005', '1953043379', '005'),
('1953043379006', '1953043379', '006'),
('1953043379008', '1953043379', '008'),
('1953043379013', '1953043379', '013'),
('1953043379014', '1953043379', '014'),
('1953043379015', '1953043379', '015'),
('1953043379025', '1953043379', '025'),
('1953043379029', '1953043379', '029'),
('1953043379032', '1953043379', '032'),
('1956415484001', '1956415484', '001'),
('1956415484002', '1956415484', '002'),
('1956415484003', '1956415484', '003'),
('1956415484005', '1956415484', '005'),
('1956415484008', '1956415484', '008'),
('1956415484009', '1956415484', '009'),
('1956415484013', '1956415484', '013'),
('1956415484015', '1956415484', '015'),
('1956415484017', '1956415484', '017'),
('1956415484018', '1956415484', '018'),
('1956415484021', '1956415484', '021'),
('1956415484023', '1956415484', '023'),
('1956415484027', '1956415484', '027'),
('1956415484029', '1956415484', '029'),
('1956415484031', '1956415484', '031'),
('1956415484035', '1956415484', '035'),
('1956415484036', '1956415484', '036'),
('1956415484037', '1956415484', '037'),
('1956415484038', '1956415484', '038'),
('1956415484039', '1956415484', '039'),
('1956415484040', '1956415484', '040'),
('1956415484041', '1956415484', '041'),
('1956415484043', '1956415484', '043'),
('1956415484046', '1956415484', '046'),
('1956568741001', '1956568741', '001'),
('1956568741003', '1956568741', '003'),
('1956568741004', '1956568741', '004'),
('1956568741005', '1956568741', '005'),
('1956568741006', '1956568741', '006'),
('1956568741007', '1956568741', '007'),
('1956568741009', '1956568741', '009'),
('1956568741010', '1956568741', '010'),
('1956568741011', '1956568741', '011'),
('1956568741013', '1956568741', '013'),
('1956568741015', '1956568741', '015'),
('1956568741016', '1956568741', '016'),
('1956568741018', '1956568741', '018'),
('1956568741019', '1956568741', '019'),
('1956568741021', '1956568741', '021'),
('1956568741023', '1956568741', '023'),
('1956568741025', '1956568741', '025'),
('1956568741031', '1956568741', '031'),
('1956568741033', '1956568741', '033'),
('1956568741035', '1956568741', '035'),
('1956568741036', '1956568741', '036'),
('1956568741037', '1956568741', '037'),
('1956568741038', '1956568741', '038'),
('1956568741040', '1956568741', '040'),
('1956568741042', '1956568741', '042'),
('1956568741044', '1956568741', '044'),
('1956568741046', '1956568741', '046'),
('1958442346001', '1958442346', '001'),
('1958442346004', '1958442346', '004'),
('1958442346008', '1958442346', '008'),
('1958442346012', '1958442346', '012'),
('1958442346015', '1958442346', '015'),
('1958442346018', '1958442346', '018'),
('1958442346025', '1958442346', '025'),
('1958442346031', '1958442346', '031'),
('1958442346038', '1958442346', '038'),
('1963214578002', '1963214578', '002'),
('1963214578003', '1963214578', '003'),
('1963214578005', '1963214578', '005'),
('1963214578006', '1963214578', '006'),
('1963214578010', '1963214578', '010'),
('1963214578012', '1963214578', '012'),
('1963214578016', '1963214578', '016'),
('1963214578018', '1963214578', '018'),
('1963214578019', '1963214578', '019'),
('1963214578021', '1963214578', '021'),
('1963214578023', '1963214578', '023'),
('1963214578028', '1963214578', '028'),
('1963214578031', '1963214578', '031'),
('1963214578034', '1963214578', '034'),
('1963214578036', '1963214578', '036'),
('1963214578037', '1963214578', '037'),
('1963214578039', '1963214578', '039'),
('1963214578040', '1963214578', '040'),
('1963214578043', '1963214578', '043'),
('1963214578045', '1963214578', '045'),
('1963214578046', '1963214578', '046'),
('1965214756001', '1965214756', '001'),
('1965214756003', '1965214756', '003'),
('1965214756004', '1965214756', '004'),
('1965214756007', '1965214756', '007'),
('1965214756009', '1965214756', '009'),
('1965214756012', '1965214756', '012'),
('1965214756015', '1965214756', '015'),
('1965214756017', '1965214756', '017'),
('1965214756019', '1965214756', '019'),
('1965214756022', '1965214756', '022'),
('1965214756024', '1965214756', '024'),
('1965214756027', '1965214756', '027'),
('1965214756029', '1965214756', '029'),
('1965214756031', '1965214756', '031'),
('1965214756034', '1965214756', '034'),
('1965214756036', '1965214756', '036'),
('1965214756037', '1965214756', '037'),
('1965214756038', '1965214756', '038'),
('1965214756040', '1965214756', '040'),
('1965214756043', '1965214756', '043'),
('1965214756045', '1965214756', '045'),
('1965214756046', '1965214756', '046'),
('1965214785001', '1965214785', '001'),
('1965214785003', '1965214785', '003'),
('1965214785004', '1965214785', '004'),
('1965214785005', '1965214785', '005'),
('1965214785006', '1965214785', '006'),
('1965214785007', '1965214785', '007'),
('1965214785009', '1965214785', '009'),
('1965214785010', '1965214785', '010'),
('1965214785011', '1965214785', '011'),
('1965214785012', '1965214785', '012'),
('1965214785013', '1965214785', '013'),
('1965214785014', '1965214785', '014'),
('1965214785015', '1965214785', '015'),
('1965214785016', '1965214785', '016'),
('1965214785018', '1965214785', '018'),
('1965214785019', '1965214785', '019'),
('1965214785021', '1965214785', '021'),
('1965214785023', '1965214785', '023'),
('1965214785024', '1965214785', '024'),
('1965214785025', '1965214785', '025'),
('1965214785026', '1965214785', '026'),
('1965214785028', '1965214785', '028'),
('1965214785030', '1965214785', '030'),
('1965214785031', '1965214785', '031'),
('1965214785035', '1965214785', '035'),
('1965214785037', '1965214785', '037'),
('1965214785038', '1965214785', '038'),
('1965214785039', '1965214785', '039'),
('1965214785042', '1965214785', '042'),
('1965214785043', '1965214785', '043'),
('1965214785044', '1965214785', '044'),
('1965214785046', '1965214785', '046'),
('1965841475001', '1965841475', '001'),
('1965841475003', '1965841475', '003'),
('1965841475004', '1965841475', '004'),
('1965841475005', '1965841475', '005'),
('1965841475006', '1965841475', '006'),
('1965841475008', '1965841475', '008'),
('1965841475011', '1965841475', '011'),
('1965841475013', '1965841475', '013'),
('1965841475015', '1965841475', '015'),
('1965841475017', '1965841475', '017'),
('1965841475018', '1965841475', '018'),
('1965841475020', '1965841475', '020'),
('1965841475022', '1965841475', '022'),
('1965841475025', '1965841475', '025'),
('1965841475028', '1965841475', '028'),
('1965841475031', '1965841475', '031'),
('1965841475034', '1965841475', '034'),
('1965841475036', '1965841475', '036'),
('1965841475037', '1965841475', '037'),
('1965841475038', '1965841475', '038'),
('1965841475040', '1965841475', '040'),
('1965841475043', '1965841475', '043'),
('1965841475044', '1965841475', '044'),
('1965841475046', '1965841475', '046'),
('1965841720002', '1965841720', '002'),
('1965841720003', '1965841720', '003'),
('1965841720004', '1965841720', '004'),
('1965841720006', '1965841720', '006'),
('1965841720008', '1965841720', '008'),
('1965841720011', '1965841720', '011'),
('1965841720015', '1965841720', '015'),
('1965841720016', '1965841720', '016'),
('1965841720017', '1965841720', '017'),
('1965841720020', '1965841720', '020'),
('1965841720022', '1965841720', '022'),
('1965841720026', '1965841720', '026'),
('1965841720029', '1965841720', '029'),
('1965841720030', '1965841720', '030'),
('1965841720031', '1965841720', '031'),
('1965841720034', '1965841720', '034'),
('1965841720035', '1965841720', '035'),
('1965841720036', '1965841720', '036'),
('1965841720037', '1965841720', '037'),
('1965841720038', '1965841720', '038'),
('1965841720040', '1965841720', '040'),
('1965841720041', '1965841720', '041'),
('1965841720045', '1965841720', '045'),
('1969523780001', '1969523780', '001'),
('1969523780002', '1969523780', '002'),
('1969523780003', '1969523780', '003'),
('1969523780005', '1969523780', '005'),
('1969523780013', '1969523780', '013'),
('1969523780014', '1969523780', '014'),
('1969523780015', '1969523780', '015'),
('1969523780016', '1969523780', '016'),
('1969523780017', '1969523780', '017'),
('1969523780021', '1969523780', '021'),
('1969523780023', '1969523780', '023'),
('1969523780026', '1969523780', '026'),
('1969523780029', '1969523780', '029'),
('1969523780032', '1969523780', '032'),
('1969523780034', '1969523780', '034'),
('1969523780036', '1969523780', '036'),
('1969523780037', '1969523780', '037'),
('1969523780038', '1969523780', '038'),
('1969523780039', '1969523780', '039'),
('1969523780040', '1969523780', '040'),
('1969523780041', '1969523780', '041'),
('1969523780043', '1969523780', '043'),
('1969523780045', '1969523780', '045'),
('1969523780046', '1969523780', '046'),
('1977777777003', '1977777777', '003'),
('1977777777008', '1977777777', '008'),
('1977777777011', '1977777777', '011'),
('1977777777015', '1977777777', '015'),
('1977777777017', '1977777777', '017'),
('1977777777019', '1977777777', '019'),
('1977777777022', '1977777777', '022'),
('1977777777031', '1977777777', '031'),
('1977777777038', '1977777777', '038'),
('1977777777039', '1977777777', '039'),
('1977777777040', '1977777777', '040'),
('1977777777041', '1977777777', '041'),
('1977777777043', '1977777777', '043'),
('1977777777044', '1977777777', '044'),
('1977777777045', '1977777777', '045'),
('1986267438001', '1986267438', '001'),
('1986267438007', '1986267438', '007'),
('1986267438008', '1986267438', '008'),
('1986267438009', '1986267438', '009'),
('1986267438015', '1986267438', '015'),
('1986267438018', '1986267438', '018'),
('1986267438019', '1986267438', '019'),
('1986267438032', '1986267438', '032'),
('1986267438035', '1986267438', '035'),
('1986267438036', '1986267438', '036'),
('1986267438038', '1986267438', '038'),
('1986267438046', '1986267438', '046');

-- --------------------------------------------------------

--
-- 資料表結構 `member`
--

CREATE TABLE IF NOT EXISTS `member` (
  `member_id` varchar(20) NOT NULL,
  `member_pwd` varchar(20) DEFAULT NULL,
  `member_name` varchar(20) NOT NULL,
  `member_phone` varchar(10) NOT NULL,
  `member_email` varchar(50) NOT NULL,
  PRIMARY KEY (`member_id`)
) ENGINE=InnoDB DEFAULT CHARSET=utf8;

--
-- 資料表的匯出資料 `member`
--

INSERT INTO `member` (`member_id`, `member_pwd`, `member_name`, `member_phone`, `member_email`) VALUES
('1000000012', '1232', '1111111', '12111', '3123111'),
('1000000123', '2112', 'jakc', '123', '12321'),
('1000000231', '21313', '123', '23122', '12322'),
('1000013213', '13213', '213', '13213', '13213'),
('1000321313', '2131231', '12312313', '3213131232', '1232132131231'),
('1000999999', 'juju', 'juju', '999999', 'juju99@gmail.com'),
('1040889946055671', NULL, '陳皓惇', '1233', 'aa10010116@yahoo.com.tw'),
('1073221232', '123', '琳琳琳', '073221232', 'wewew'),
('1075154515', '123', 'kevin', '075154515', 'abc@gmail.com'),
('1075414584', '1234', 'kevin', '075414584', 'aaxasx@gmail.com'),
('1212641203', '555', 'bigcan', '0212641203', '123121@3132132'),
('1213213123', '123232131321', '1232131321312', '213213123', '123213123'),
('1252084021584664', NULL, '林濬紘', '0911616692', 'tony168806@gmail.com'),
('1316445198463648', NULL, '陳耕道', '0999473584', 'gengdaochen@gmail.com'),
('1331035466951059', NULL, '蘇晉威', '123', 'si_ao_guei@yahoo.com.tw'),
('1473496609339383', NULL, '余冠柔', '091234567', 'jupiter2432321@yahoo.com.tw'),
('1504158049655973', NULL, '蘇恆毅', '123', 'rightguy3344@gmail.com'),
('1567983983235475', NULL, 'Jake Huai', '0905197447', 'jack_1997@live.com.my'),
('1575089992523390', NULL, 'Rui Bo Lin', '0981786236', 'robin50212@yahoo.com.tw'),
('1737324246282567', NULL, 'Benson Chen', '123231321', 'benson910201@gmail.com'),
('1910446959', 'root', '蔡政善', '0910446959', 'gooddog@gmail.com'),
('1911458692', '123456', '徐諸懷', '0911458692', 'kevin123@gmail.com'),
('1911616693', '123', '林濬紘', '0911616693', 'tony168806@gmail.com'),
('1912345678', 'aaaaaaaaaaaaaaaaaaaa', '張國動', '0912345678', 'aaaaaaaaa@gmail.com'),
('1914593337', 'fkw0f0f4i0', '吳建宏', '0914593337', 'wbguq8923@gmail.com'),
('1914984396', 'gwejopwopg', '柳冠儒', '0914984396', 'regggqq34t@gmail.com'),
('1916348476', 'midfirst', '王忠翰', '0916348476', 'midheng@gmail.com'),
('1922980892', 'f9ifh29fh982f', '鄭雅如', '0922980892', 'ifelse@gmail.com'),
('1923426703', 'money', '黃千純', '0923426703', 'NTD1000000@gmail.com'),
('1928458509', '1stop', '吳意婷', '0928458509', 'haha123@gmail.com'),
('1936129698', 'bequiet', '吳靜宜', '0936129698', 'quieteee@gmail.com'),
('1951452145', 'wang5125478', 'david wang', '0951452145', 'wangwang@gmail.com'),
('1951514116', '1548415481', '張大名', '0951514116', 'axxsxsz@gmail.com'),
('1952147852', 'fghnbgvfd', '曹騎歪', '0952147852', 'gngngngn@gmail.com'),
('1953043379', 'rhtyhthe', '岑美珠', '0953043379', 'qwer66553@gmail.com'),
('1956415484', 'benson123', '陳痣橙', '0956415484', 'bensonchen@gmail.com'),
('1956568741', 'ji3cl3qul4xu;4', '陳阿美', '0956568741', 'beautiful@gmail.com'),
('1958442346', 'ejo4m4', '黃桂玉', '0958442346', 'ejo4n4@gmail.com'),
('1963214578', 'kevin123123', '莊籽鹹', '0963214578', 'kevinchung@gmail.com'),
('1965214756', 'jake987451', '莊鐵懷', '0965214756', 'jakebear@gmail.com'),
('1965214785', 'asdfghjkl', '張家航', '0965214785', 'aisagodtone@gmail.com'),
('1965841475', 'rfvgdrtyh', '髒鈾刃', '0965841475', 'yolearn@gmail.com'),
('1965841720', 'qwertyuiop', '蘇小毅', '0965841720', 'qazwsxedc@gmail.com'),
('1965845214', '1043323', 'DDC', '0965845214', 'abcabc@gmail.com'),
('1969523780', '987654321', '李鐵懷', '0969523780', 'qwerty@yahoo.com.tw'),
('1977777777', '7777777777', '吳駁羊', '0977777777', 'hahahahaha7777@gmail.com'),
('1986267438', '******', '阮淑卿', '0986267438', 'a131243@gmail.com'),
('3333333333', '32222', '1111111111113', '2333333333', '32222222'),
('660350427487446', NULL, 'Simon Yu', '0918077168', 'rogame6612@gmail.com'),
('manager', 'fuckphp', '管理員', '', '');

-- --------------------------------------------------------

--
-- 資料表結構 `travel`
--

CREATE TABLE IF NOT EXISTS `travel` (
  `travel_id` varchar(100) NOT NULL,
  `travel_name` varchar(100) NOT NULL,
  `travel_type` varchar(20) NOT NULL,
  `travel_date` date NOT NULL,
  `travel_endtime` date NOT NULL,
  `travel_traffic` varchar(20) NOT NULL,
  `travel_schedule` varchar(100) NOT NULL,
  `travel_detail` varchar(2000) NOT NULL,
  `travel_price` int(100) NOT NULL,
  `travel_prcnum` varchar(20) NOT NULL,
  `travel_path` varchar(100) NOT NULL,
  PRIMARY KEY (`travel_id`)
) ENGINE=InnoDB DEFAULT CHARSET=utf8;

--
-- 資料表的匯出資料 `travel`
--

INSERT INTO `travel` (`travel_id`, `travel_name`, `travel_type`, `travel_date`, `travel_endtime`, `travel_traffic`, `travel_schedule`, `travel_detail`, `travel_price`, `travel_prcnum`, `travel_path`) VALUES
('001', '2人成行◎府城歷史一日遊', '南部', '2017-06-04', '2021-06-04', '遊覽車', '123', '‧【德記洋行、安平樹屋】<br>\r\n德記洋行創立於1867年，是當年安平港興盛時期，台灣的五大洋行之ㄧ，目前此座優雅的西式建築，已被規劃為「台灣開拓史料蠟像館」，館內栩栩如生的蠟像，展示現了台灣發展早期的生活風貌，以及洋行的歷史及發展。<br>\r\n\r\n安平樹屋的由來，是因為倉庫老舊荒廢多年後，週遭的百年 老榕卻仍然蓬勃生長，其氣根在老屋的屋頂上盤根錯節，攀附成長，於是形成了樹屋。<br>\r\n\r\n‧【安平古堡】<br>\r\n台灣的開始一段荷蘭人與鄭成功的故事起源，荷據時期荷蘭人在安平建立一座城呰，命為奧倫治城，當時這座城堡是荷蘭人統治台灣荷對外貿易的總樞紐。<br>\r\n\r\n‧【安平老街】<br>\r\n記錄著先人開拓史，鄭成功跨海驅荷建台，府城居民為感念開疆拓土的功績與精神，立廟奉祀國姓爺，以「開山王廟」稱呼，戰後民國五十二年興工重建，整體格局大致不變，建築則由福州式改為北方宮殿式，即今日的模樣。', 1799, '1', 'picture/tra_01.jpg'),
('002', '4人成行◎佛陀紀念館、大鵬灣、東隆宮一日遊', '南部', '2017-06-03', '2017-06-03', '觀光巴士', '集合出發→佛光山之佛陀紀念館→特色小吃→東隆宮尋訪2015~16迎王祭活動準備→大鵬灣國家風景區【軍事基地、水上飛機場、崎峰濕地、小型賽車場(自費行程)、環灣船(自費行程) 】→鵬灣跨海大橋【假日下午', '‧【綠色隧道】<br>\r\n長達 1.2 公里的林蔭大道，平整的道路兩旁綠樹林立，被稱為「屏東最美的一條路」，也成為了屏東人的驕傲，在此吹著微風，呼吸清新的空氣，真是人生一大享受呢！<br>\r\n\r\n‧【潛艇基地】<br>\r\n日治時期，大鵬灣是日軍重要的軍事基地，之後國民政府來台，交於空軍管理，並將部份灣域開放民眾養蚵，至此便發展出漁業以及養殖業的人文特色，1997年交通部觀光局成立大鵬灣國家風景區，拆除灣域上蚵架，水域淨空後，便全力發展帆船、風浪板、獨木舟與遊湖等兼具刺激與靜態的灣域活動。<br>\r\n\r\n‧【水上飛機】<br>\r\n「大鵬灣海洋觀光園區」內有架超大型的飛機，完全依照舊型零式戰鬥機比例放大600倍的「水上基地觀景台」，8層樓高的觀景台，機腹、機翼規劃為咖啡座及美食街，機尾與機頭則可眺望風景。\r\n', 1799, '1', 'picture/tra_02.jpg'),
('003', '高鐵假期豐富行◎台東。小野柳、布農部落二日遊', '東部', '2017-07-01', '2017-07-02', '高鐵', '第一天:	高鐵左營站→環島之星(車上餐盒)→台東火車站→海之旅半日→住宿飯店(晚餐)\n第二天:卑南文化公園→布農部落→午餐→台東火車站→環島之星→高鐵左營站', '卑南文化公園座落於南王里文化公園路，佔地18公頃，民國64年臺東縣政府將卑南遺址列為地方古蹟，68年再提升為臺灣地區三級古蹟，緊鄰的月形石柱區是國家一級古蹟。在卑南遺址成立之卑南文化公園已對外開放多年，屆時不僅有助於台東觀光事業的發展，也可讓國人親睹具體的台灣歷史遺蹟。<br>\r\n\r\n卑南文化公園隸屬國立台灣史前文化博物館(簡稱史前館)，其最大特色是目前仍持續不斷進行考古發掘，另一方面成立遺址保存館對外公開展示，達成學術研究、遺址保存、推廣教育多重功能。此外寬廣草坪公園植栽綠化，也成為民眾休閒最佳去處。', 7300, '4', 'picture/tra_03.jpg'),
('004', '高鐵假期豐富行◎墾丁。墾丁國立海洋生物博物館二日遊', '南部', '2017-07-01', '2017-07-02', '高鐵', '第一天:高鐵左營站→墾丁快線+墾丁街車→國立海洋生物博物館夜宿活動報到→深度導覽、海洋晚餐、秘密花園、FUN手玩創意、夜間探秘、星空宵夜→與魚共眠\r\n第二天:元氣早餐、夜宿獨享-大洋池餵食秀、潮間帶生', '國立海洋生物博物館舉辦夜宿海生館活動多年以來，已經成為國內外喜愛自然生態的旅客，最歡迎的體驗行程之一，甚至成為許多人旅遊的夢想行程的選擇。強調親身體驗感受的夜宿海生館活動，首日行程的展示館導覽解說，將由專業的解說員帶領，深度認識選擇的展示館中的海洋故事；秘密花園後場參觀則將參觀體驗飼育員真實工作的區域，並體驗飼育海洋生物、觀察海洋生物復育的場所；夜間探索則將進入熄燈後的展示館，探訪夜間海洋生物的習性、觀察海洋生物如何睡眠、夜行性的生物如何活動。<br> 迎接海洋的早晨，將在享用早餐之後，觀賞專業飼育員與海洋生物互動餵食的體驗；並將走到真實自然的戶外潮間帶生態觀察，探訪海邊的小生命；最後的海洋生態課程將由海生館規劃定期推出的海洋課程，帶著環境的知性以及保育的感性作為夜宿海生館之旅最豐富無價的伴手禮。', 1799, '1', 'picture/tra_04.jpg'),
('005', '高雄。義大世界自由行一日遊', '南部', '2017-05-23', '2017-05-23', '捷運', '高鐵左營站→義大遊樂世界→義大世界購物廣場→義大世界摩天輪→高鐵左營站', '義大遊樂世界（英語：E-DA Theme Park）為台灣首創古希臘情境主題遊樂園，為義大世界的其中之一事業體，於2010年6月19日開始試營運，2010年12月18日正式開幕。<br>\r\n義大遊樂世界全園區分為三大主題區，位於入口處的「大衛城」是以古希臘神殿為造型的設計，裡面擁有一座大型專業劇院「義大皇家劇院」，共1,800個以上座位，戶外有許多大型機械刺激遊樂設施。「聖托里尼山城」設計概念為複製愛琴海藍白山城聖托里尼，裡面擁有各式特色商店與異國風情的餐廳，還有一個「5D鬼船」的鬼屋。位於右側「特洛伊城堡」呈現特洛伊木馬屠城記場景打造，體驗穿越時空的神話時代。「特洛伊城堡」主題館是全台最大的室內遊樂館，主要以親子家庭客層為主，擁有50種以上的遊樂設施\r\n每季都會準備各種精彩絕倫的表演活動，例如萬聖節及聖誕節遊行，劇院表演......等。<br>\r\n2012年7月推出全新設施「3D鬼船」，成為全台灣唯一擁有雙鬼屋的遊樂園，並於2014年7月升級為「5D鬼船」，增設恐怖頭髮林與飄散地獄氣味，驚嚇指數破百。<br>\r\n2016年1月推出全新設施「LIVE！唐基大嘴巴」+「3D塗鴉魚」，結合即時互動的科技設施，同一遊樂設施有兩種新奇玩法。', 1000, '1', 'picture/tra_05.jpg'),
('006', '高雄觀光巴士。茂林舞蝶新威森林一日遊', '南部', '2017-06-03', '2017-06-03', '觀光巴士', '集合出發→茂林紫斑蝶季與3D動畫蝴蝶館→午餐時間→多納高吊橋→龍頭山遊憩區→蛇頭山觀景台→多那部落遊→神威天台山→美濃市區觀光【美濃民俗文化村、東門樓、中正湖】→回程', '‧【茂林紫斑蝶】\n台灣的斑蝶自每年十月開始，就會慢慢地由中北部往南飛行，聚集在台灣中央山脈南端兩旁的山谷中。\n\n‧【多納高吊橋】\n從日治時代這個就是茂林區的人尤其多納的族人必經的路徑，全長232公尺、高103公尺，它是多納人起步發展很重要的橋樑，也是族人與親人、情人、朋友道別的情之橋。\n\n‧【龍頭山遊憩區】\n龍頭山遊憩區位於茂林區高132 線12km處。三面高山環繞佔地約22公頃，屬珍貴的環流丘地形，可見曲折蜿蜒的溪流。遊憩區中設有木棧道及平台，另有石砌步道通往「望夫崖」。\n\n‧【新威森林公園】\n新威森林公園位於台28線45km處，在荖濃溪西岸的台地上，本為荖濃溪舊河床的一部份，後來因土質優良而建為苗圃，居民稱為「坪頂」。佔地30甲，以種植樹苗為主，培植的樣種多達200餘種，為全台最大的苗圃之一。現已改為森林公園，由茂林國家風景區管理處經營。', 1799, '1', 'picture/tra_06.jpg'),
('007', '觀光巴士◎台東墾丁雙城記三日(東進高出)', '東部', '2017-05-31', '2017-06-02', '觀光巴士', '第一天:台北/鐵道風光/台東自在采風行(3選1)/台東\r\n第二天:台東/台東墾丁觀光巴士-秘戀台199線(曙光公園、多良車站、大武、哭泣湖、旭海大草原、滿州港口吊橋、龍磐公園)/墾丁\r\n第三天:墾丁陽', '台北車站報到後，搭乘最快速便捷的火車前往台東；抵達台東後稍做休息，享用午餐後，開始參加我們精心安排的台東自在采風行程(行程3選 1，您可自由選擇參加A-C行程)<br>\r\nA行程：【台東山海戀逍遙遊】台東森林公園+休閒農場之旅－「台東森林公園」於近海處有一個因潮汐而自然形成的天然湖泊-琵琶湖；湖光幽靜秀麗、風光如詩、景緻若畫，您可自費租乘腳踏車沿途欣賞湖畔的美麗景緻或漫步於黑森林之中，到台東來，千萬別錯過這個可以看海、聽濤、觀日出、散步、賞夕陽、觀星...的好地方、續往初鹿牧場(門票自理)，佔地72公頃放眼望去盡是青翠山巒，飼養了250頭乳牛。牧場內規劃有放牧區、滾草區、餵食區、森林浴區等不同區域。登上放牧區的觀景台，放眼望去，只見一片一望無際的綠油油牧草地，一隻隻黑色相間的乳牛點綴其間，形成一幅充滿牧場野趣的優美景致。您可在此體驗餵牛吃草、徜徉青青草原!! 乳牛所產出的鮮奶品質絕佳，是不可錯過的喔。<br>\r\nB行程：【台東東海岸半日遊】遊覽【小野柳海岸是由厚層砂岩與薄層泥岩交互沈積，因為地質構造變動，海浪長年累月的侵蝕沖刷，使其在外觀上呈現出多樣而奇特的造型，漫步小野柳的海邊步道，沿途可欣賞遍生白水木、林投、黃槿、海棗等海濱植物、加路蘭遊憩區在一大片寬廣的草坪、休憩涼亭、解說站以及觀景台，裝置著由漂流木所組成的裝置藝術作品，值得您停下來欣賞和體驗它的美、水往上流-人往高處爬,水往低處流，竟然有水會往上流動?這個奇景可是對抗牛頓發現的地心引力喔，等你一起來發掘囉、東河橋台灣歷史百景之一的獨特古橋，東河橋位處連接成功鎮與東河鄉的馬武窟溪出海口。橫跨馬武窟溪；碧綠的溪水間點綴者雪白的帝王石，藍天下新橋的美與舊橋的樸；新舊橋梁相輝映，在藍天和碧綠的泰源幽谷映襯下，有如絕美的山水畫啊。金樽眺望台是臺灣唯一正在形成的陸連島，因看似酒杯，故取名為「金樽」，又因為形狀像船錨，也被稱為「錨島」或「錨狀礁」。在金樽景觀咖啡店，俯瞰海岸全景，秀麗的景色完全盡收眼底，令人倍感心曠神怡的海連天，以及陸連島的景致，是遊客們必經的休憩景點。<br>\r\nC行程：【自駕車遊台東】車行取車；出發囉！自由開車環遊台東景點；品嘗各式台東名產小吃。或者前往目前台東景點詢問度最高的池上伯朗大道、天堂路(金城武大道)、金城武大樹；感受池上的稻香，這裡因拍攝了伯朗咖啡的廣告而廣受歡迎，被譽為是一條「翠綠的天堂路」。廣大翠綠的稻田，路旁沒有一支電線桿，真真實實感受到一望無際，不僅有著拍照的好景色，更能帶著心靈遠離喧囂擾嚷，您是不是也要親身體驗一次放鬆的純粹呢。<br>\r\n結束行程後；前往飯店check In－晚上您可悠閒的享用飯店各式休閒設施，沉浸在舒暢的休閒氣氛之中)..夜間活動～您可自行前往知本大街閒逛、四面佛祈福..  <br>飯店享用早餐；餐後搭乘台東墾丁觀光巴士展開恆春半島風情遊精采行程<br>\r\n恆春半島風情遊行程：福安宮→後壁湖漁市→龍鑾潭自然中心→砂島貝殼沙館→鵝鑾鼻→船帆石<br>\r\n搭乘台東墾丁觀光巴士展開恆春半島風情遊行程，遊玩「車城福安宮」，是全東南亞最大的土地公廟。福安宮最大的特色在於金爐，這座金爐為三重簷的八角形建築、共有四層樓，有『神明點鈔機』之稱，當信眾把金紙放在金爐口時金紙就會自動被吸入爐內，神奇吧。福安宮旁的市集攤販區，整列販賣攤位，販賣著紅仁鹹鴨蛋和松花皮蛋還有洋蔥、綠豆蒜，是車城鄉著名的名產伴手禮。→午間來到海景、海鮮皆誘人的「後壁湖漁港」。後壁湖港漁獲新鮮，生魚片及鮮魚餐廳新鮮便宜，是恆春半島最大的海鮮美食區，大家把握機會，自由朵頤各式海鮮料理吧→「龍鑾潭自然中心」為恆春八景之一，南臺灣「鳥類天堂」封號，水岸及四邊溼地長滿了各種植被，是良好的水鳥棲息地，館內有設備完善的賞鳥設施，可使用高倍望眼鏡觀賞潭面上水鳥的姿態→「貝殼砂展示館」墾丁最純淨的貝殼沙灘，沙灘的碳酸鈣含量達97.6%，並擁有珍貴的單細胞有孔蟲…等珍貴資源→「鵝鑾鼻公園」(門票自理)，參觀台灣最南端的燈塔-鵝鑾鼻燈塔→墾丁知名的地標「船帆石」，狀似一艘即將揚起的帆船，又像有趣的人頭，有人說它像美國總統尼克森的頭，墾丁相當受歡迎的海灘之一，這裡有不少水上活動可以玩，刺激的香蕉船、水上摩托車…等等，是你不能錯過的私密景點。<br>\r\n\r\n結束行程後；前往飯店check In－晚上您可悠閒的享用飯店各式休閒設施，沉浸在舒暢的休閒氣氛之中)..夜間活動～您可自行前往墾丁大街閒逛有特色的藝品店 及 品嘗各式小吃(吳師傅魯味、一品滷味、金灘美式墨西哥餐廳、迪迪小吃、冒煙的喬、青蛙ㄋㄟㄋㄟ蛋奶、波波窯烤手工披薩..)..  \\n飯店享用早餐；參加我們精心安排的墾丁陽光假期遊程(行程3選1，您可自由選擇參加A-C行程)：\r\nA五星飯店渡假休閒(for宿福容、福華旅客)：悠閒的享用飯店', 8300, '4', 'picture/tra_07.jpg'),
('008', '兩人成行◎花蓮海洋之戀二日(火車來回)', '東部', '2017-06-21', '2017-06-22', '遊覽車', '第一天:台北/鐵道風情/花蓮自在采風行(4選1)/花蓮\r\n第二天:花蓮/花蓮自在采風行(5選1)/鐵道風光/台北', '上午搭乘火車前往花蓮；欣賞北迴線山海美景；抵達花蓮後參加我們精心安排的行程<br>\r\n(行程４選１，您可自由選擇參加Ａ－Ｄ行程) <br>\r\n\r\nA行程【峽谷柔情太魯閣國家公園】 (含風味午餐)： 『太魯閣國家公園管理處』，是遊客了解國家公園的第一站→『燕子口步道』欣賞太魯閣峽谷、壺穴、湧泉、印地安酋長岩…等地質景觀→『天祥』~經河水長年的堆積侵蝕，造就了多層河階地形。此區腹地廣闊，是太魯閣國家公園中的重要遊憩據點→經『九曲洞』→『長春祠』~唐式風格建築依地勢嵌入山壁間，泉水自山壁湧出，形成一道飛瀑，有如一幅秀麗的國畫圖像→漫步在東部最美麗的海灣『七星潭』(含風味午餐)。<br>\r\n\r\nB行程【花東縱谷風情旅遊】 (含風味午餐)： 『鯉魚潭』青翠的山色映照在平靜的湖面上，沿著環潭步道漫步、騎自行車或踩著腳踏船在湖面上漫遊（自行車與腳踏船需自費）→引進花蓮溪溪水的活水湖『夢幻湖』是近年來相當受歡迎的景點→『讚碳工房』採集４～５ 年的孟宗竹，以高溫度焙製出珍貴寶藏『竹炭』『新光兆豐農場』位在風景秀麗的花東縱谷內，佔地約７００公頃，是國內少見的大型觀光農場之一。農場園區內請專家設計大型歐式花園。展現牧場風光的乳牛區和牧草區，並販賣好吃的鮮奶酪與鮮奶冰淇淋。最受小朋友喜愛的可愛動物園區與東台灣最具規模的鳥園區。提供給遊客多樣化的休閒空間，亦是適合親子一同共遊的好所在→返回市區飯店/車站/機場<br>\r\nＰＳ１０：００前抵達之旅客將刪除『鯉魚潭』，１１：１０抵達之旅客只走兆豐農場行程。<br>\r\n\r\nC行程【花蓮海洋之戀假期】 （午餐自理）：海洋公園ＦＵＮ樂遊～夢想的天堂～遊憩的樂園～花蓮海洋公園處處讓您全家驚喜感動，歡笑連連海洋公園的遊樂設施大致可分為：展示觀賞及機械遊樂設施兩種，展示內容以海洋生物為主，讓您深入了解海洋世界的多采多姿。機 械式遊樂設施：設計成有別於以往的傳統模式，賦予各種討喜的海洋生物造型，讓小朋友體會創意的巧思與樂趣（設施有海盜彎：長達６５０Ｍ的飛艇滑水道，共有３次高速衝降的驚險遊程，加上聲光特效及叢林、峽谷、水瀑、火山等主題包裝、更能感受飛艇滑水刺激有趣的驚險體驗水晶城堡：高聳入雲的中古世紀城堡；魔幻劇場約可容納１２００位觀眾，欣賞歌舞、魔術、特技與聲光 特效的國際級表演～布來登海岸：新穎的機械樂園設施，沙灘跳跳球、色彩鮮豔的碰碰船、旋轉木馬、音樂廣場、噴泉音樂台、觀 景漢堡吧，刺激視覺且重返童趣滿足遊客追求極速快感的娛樂設施～海洋劇場和探險島的海豚海獅娛樂表演：花蓮海洋公園最大的 魅力是『海洋生物的現場表演秀』，機伶聰明的海豚、海獅，其逗趣可愛的模樣令人憐愛將帶領您進入兒時夢想成真的世界<br>\r\n備註.海洋公園3月-5月&9-12月.因應政府一例一休制度.逢星期三休館<br>\r\n\r\nD行程【花蓮生態賞鯨】 （午餐自理）：生態賞鯨來去賞黥豚囉！在海洋生態中享受一趟兼具遊性與知性之旅<br>\r\n夜間活動～您可自行前往花蓮夜市.石藝大街夜遊…<br>\r\nPS：（Ｄ行程適合3/1~10/1期間出發，活動會依天候狀況及報名人數調整行程時間及安排行程出發與否；若造成不便敬請見諒）<br>\r\n行程結束後前往花蓮飯店ＣＨＥＣＫ ＩＮ晚上您可悠閒的享用飯店各式休閒設施，沉浸在舒暢的休閒氣氛之中）  \\n飯店享用早餐；餐後參加我們精心安排的行程(行程５選１，您可自由選擇參加Ａ－Ｅ行程)<br>\r\nＡ行程【峽谷柔情太魯閣國家公園】（含風味午餐）：『太魯閣國家公園管理處』，是遊客了解國家公園的第一站→『燕子口步道』欣賞太魯閣峽谷、壺穴、湧泉、印地安酋長岩…等地質景觀→『天祥』~經河水長年的堆積侵蝕，造就了多層河階地形。此區腹地廣闊，是太魯閣國家公園中的重要遊憩據點→經『九曲洞』→『長春祠』~唐式風格建築依地勢嵌入山壁間，泉水自山壁湧出，形成一道飛瀑，有如一幅秀麗的國畫圖像→漫步在東部最美麗的海灣『七星潭』(含風味午餐)。<br>\r\n\r\nＢ行程【花東縱谷風情旅遊】(含風味午餐)：『鯉魚潭』青翠的山色映照在平靜的湖面上，沿著環潭步道漫步、騎自行車或踩著腳踏船在湖面上漫遊（自行車與腳踏船需自費）→引進花蓮溪溪水的活水湖『夢幻湖』是近年來相當受歡迎的景點→『讚碳工房』採集４～５年的孟宗竹，以高溫度焙製出珍貴寶藏『竹炭』『新光兆豐農場』位在風景秀麗的花東縱谷內，佔地約７００公頃，是國內少見的大型觀光農場之一。農場園區內請專家設計大型歐式花園。展現牧場風光的乳牛區和牧草區，並販賣好吃的鮮奶酪與鮮奶冰淇淋。最受小朋友喜愛的可愛動物園區與東台灣最具規模的鳥園區。提供給遊客多樣化的休閒空間→返回市區飯店/車站/機場。<br>　\r\n\r\nＣ行程【花蓮海洋之戀假期】（午餐自理）：海洋公園ＦＵＮ樂遊～夢想的天堂～遊憩的樂園～花蓮海洋公園處處讓您全家驚喜感動，', 5200, '3', 'picture/tra_08.jpg'),
('009', '兩人成行◎台東綠島雙湯風情三日(火車)', '東部', '2017-07-01', '2017-07-03', '火車', '第一天:台北/鐵道風光/台東風情遊(3選1)/台東\r\n第二天:台東/富岡碼頭/綠島環島采風/綠島\r\n第三天:綠島浮潛假期/綠島自由休閒/富岡碼頭/台東車站/台北', '◎台北/台東/台北台鐵火車費用。<br>\r\n◎飯店/碼頭/車站接送服務。<br>\r\n◎台東地區飯店+綠島凱薪、綠島之星、綠山、海洋之家、峇里會館、或同級飯店二晚住宿。<br>\r\n◎台東風情半日遊行程(3選1)+綠島夜遊行程。<br>\r\n◎台東/綠島來回船票+綠島環島機車(2人一台、含第一次油資)。<br>\r\n◎含飯店早餐2次+晚餐2次。<br>\r\n◎綠島浮潛、綠島朝日溫泉券或半潛艇(三選一)。<br>\r\n◎包所有觀光景點門票，享有2000萬履約險+200萬意外險+20萬醫療險(實支實付)。\r\n', 8400, '4', 'picture/tra_09.jpg'),
('010', '兩人成行◎花東玉長山海戀三日(火車-東進花出)', '東部', '2017-07-04', '2017-07-06', '火車', '第一天:台北/飛上青天/台東自在采風行(3選1)/台東\r\n第二天:台東/花漾花東觀光巴士-玉長山海戀(加路蘭遊憩區、阿美族民俗中心、三仙台、玉長公路、林田山)/花蓮\r\n第三天:花蓮自在采風行(5選1)', '◎知本老爺酒店：知本老爺大酒店，是台東唯一的五星級珍珠，置身世外桃源的溫泉原鄉～知本，獨特的原湯溫泉，處處可見的原始圖騰，晚晚不歇的嘉年華會，這裡豐富了視覺觸覺全感覺的新體驗，這裡巧妙結合了華麗典雅現代古樸新感受，所有的渡假新感覺，就等您親臨體會在老爺逍遙渡假的魅力。休閒設施計有：天幕風呂、星月風呂、露天舞台、室內溫泉浴場、KTV、育樂中心、網球場、健康步道、兒童圖書館、戶外兒童遊戲區、射箭場、高爾夫推桿練習場、旅遊諮詢、健身房、美容美髮、原住民野炊區、藝品商店、游泳池…<br>\r\n＊ 免費使用風呂設施：天幕風呂/星月風呂/心采風呂。<br>\r\n＊ 繽紛無限活動體驗：射箭活動/高爾夫推桿/傳統點心製作/原住民舞蹈表演欣賞。<br>\r\n（活動時間依現場公告為準）<br>\r\n\r\n◎台東娜路彎大酒店：『 Naruwan 』在原住民語言中的意思代表著『您好』與『歡迎』之意，就像夏威夷的『啊囉哈』般，讓人們感受這份熱情、自在與歡樂！五星級觀光渡假飯店的台東娜路彎大酒店，用這句招呼語來命名，即希望所有蒞臨的賓客，都能深刻分享娜路彎所有成員誠摯歡迎之意。薈萃現代時尚與原住民藝術之新風貌，融合都會與遊憩之新主張，一座令人驚艷激賞的都市休閒城堡～娜路彎大酒店，高聳屹立在台東這片陽光眷戀、純綷自然的淨土上。『優質個人化的服務哲學　　　』、『精彩絕倫的美食名饌』、『豐富多元的休閒設施』、『迷人的熱情南國氛圍』以及『寬敝明亮的空間設計』，是娜路彎殷勤款待賓客的服務理念。 薈翠的山巒、清澈的溪流、蔚藍的海洋、原住民藝術、濃郁人情味、在娜路彎，您將細細品味她揉合東台灣特有的景觀與人文之精緻風情。<br>\r\n\r\n◎美侖大飯店：以『商務休閒飯店』定位的花蓮美侖大飯店，設計上首以「安全」、「舒適」為重點。安全方面在建築結構特別採用高防震器材、防火及消防建材也利用在客房及飯店設備。美侖擁有360間各式溫馨客房，每房均有大觀景窗，視野遼闊，山海美景盡收眼底。平均12坪大的舒適客房，明亮、舒適。多樣房型可供選擇：從雙人、三人、四人，並規劃豪華、儷景套房層，溫馨的內部空間，宛如置身家般輕鬆自在。360坪超大戶外游泳池、美容養生室內水上樂園、大型商務會議、宴客喜慶、池畔星光BBQ是您渡假休閒最佳選擇。', 7400, '4', 'picture/tra_10.jpg'),
('011', '生態旅遊◎宜蘭。太平山莊銀色森林溫泉二日', '東部', '2017-07-24', '2017-07-25', '遊覽車', '第一天:宜蘭→天送埤車站→太平山森林遊樂區→白嶺神木→太平山莊、鐵杉林國家步道、觀星\r\n第二天:早餐→翠峰湖環湖步道 或 山毛櫸國家步道→鳩之澤溫泉→蜂采館→羅東林業文化園區→宜蘭', '◎太平山森林遊樂區-森林浴、巨檜木林、森林步道、翠峰湖山毛櫸步道(不加價)。<br>\r\n◎見晴觀景台+鳩之澤溫泉泡湯+羅東林業文化園區。<br>\r\n◎【天送埤車站】偶像劇*下一站幸福*拍攝場景，部落客指定-幸福之旅*天長地久*的熱門景點。<br>\r\n◎宜蘭當地九人座巴士專業駕駛接送。<br>\r\n◎本行程最低成行人數4人即可出團//2人即可報名，歡迎訂購。(每車可搭乘八人，不足八人以併團計)\r\n', 4950, '2', 'picture/tra_11.jpg'),
('012', '生態旅遊◎宜蘭。福山植物園、棲蘭歷代神木群二日', '東部', '2017-06-24', '2017-06-25', '遊覽車', '第一天:羅東火車站→蘭陽溪風光→北橫公路風光→棲蘭歷代神木群→棲蘭森林遊樂區→香格里拉休閒農場\r\n第二天:飯店→雙連埤生態保護區→福山植物園→金車宜蘭威士忌酒廠→羅東火車站', '◎邀訪人間仙境-福山植物園+金車酒堡~品酒香 。  福山植物園自11月1日至11月30日止封園無法前往<br>\r\n◎棲蘭神木區這裏的每一棵巨木都己經有４００歲以上，森保處特依樹齡的多寡選擇適當的歷史人物來命名，在５１棵巨木中\r\n　除了鄭成功、朱熹、關羽、岳飛四棵為扁柏外，其餘均為紅檜。在神木群之間設置了四座觀景亭供遊客歇息。<br>\r\n◎住宿香格里拉休閒農場體驗放天燈祈福、打陀螺比賽、搓湯圓…等民俗活動的樂趣＜依農場當日安排活動＞。<br>\r\n◎宜蘭當地九人座巴士專業駕駛接送。<br>\r\n◎本行程最低成行人數４人即可出團//２人即可報名，歡迎訂購。', 5500, '3', 'picture/tra_12.jpg'),
('013', '４人成行。森呼吸◎福山植物園花田村一日', '東部', '2017-06-28', '2017-06-28', '遊覽車', '第一天:宜蘭＼途經雙連埤生態保護區＼福山植物園＼A.望龍埤-花田村 或B.金車威士忌酒廠 或C.蜂采館-羅東運動公園＼宜蘭', '福山植物園    自11月1日至11月30日止封園無法前往\r\n位於宜蘭縣員山鄉湖西村與台北烏來鄉福山村交界處，於１９８６年設立「福山試驗林」，主要目的是設置福山植物標本園，供基因保存和研究之用，有系統的蒐集和保存低海拔植物，另外還提供民眾休閒，及實施環境教育保育之用，設置了林業教育推廣中心，遊客入園先必須先申請，園區內動植物生態豐富，有原始自然的景色，在園內走走可呼吸到大自然的芬多精，讓人心曠神怡。而哈盆自然保留區和福山試驗所北側的水源保護區，這二區內嚴禁民眾進入，目的在保護其自然生態，還有保護乾淨的水源，不受人為破壞，為一處不可多得的好地方。<br>\r\n下一站幸福～花田村  \r\n位於宜蘭望龍埤，來宜蘭順遊偶像劇景點－花姨和花拓也的家，這個隱身在宜蘭的枕山村裡的一處小秘境！湖泊山光水色，可漫步湖畔旁步道，或悠閒的到花拓也家、湖畔邊喝咖啡，品嚐下午茶...屋頂鋪蓋傳統草孚的老屋，門上對聯：處世惟存地步寬，居家自有天倫樂。幸福的午后偷得浮生半日閒...<br>\r\n\r\n◎邀訪人間仙境-福山植物園 。<br>\r\n◎蜂采館-一同進入蜂蜜的世界，了解蜜蜂生態。<br>\r\n◎「下一站幸福」的花田村-位於宜蘭望龍埤~偶像劇景點,這個隱身在宜蘭的枕山村裡的一處小秘境...。 或可選擇<br>\r\n◎金車宜蘭威士忌酒廠-體驗KAVALAN WHISKY的製造流程，品味威士忌與咖啡香。<br>\r\n◎宜蘭當地九人座巴士專業駕駛接送。<br>\r\n◎本行程最低成行人數4人即可出團//2人即可報名，歡迎訂購。(每車可搭乘八人，不足八人以併團計)<br>\r\n◎福山植物園春節期間除夕至初五休園、3月份全月休園及清明節、端午節、中秋節、選舉日休園。【每星期二為休園日】<br>\r\n◎平日若當天尚有名額，前一日14:00前報名亦可！費用含入園申請。<br> 褔山試驗林地中的「植物標本園區」，海拔約600公尺，主要為觀賞中海拔闊葉林植物，園區內的自然生態保留完整，走一趟褔山植物園，除了發現植物之美外，如果運氣好或許可親眼目睹台灣獼猴、山羌、台灣藍鵲的蹤跡呢？\r\n', 1300, '1', 'picture/tra_13.jpg'),
('014', '神秘天堂鎖匙◎130檜木原鄉部落深度一日', '東部', '2017-07-15', '2017-07-15', '遊覽車', '第一天:台北++羅東 /員山教育生態館 /130線林道-檜木小學堂 /泰雅風味午餐 /A.樂水部落 或 B.崙埤部落人文、生態巡禮 /羅東++台北', '~~此行程為宜蘭縣政府大力推薦~~<br>\r\n\r\n【棲蘭130線原始檜木林-檜木小學堂】海拔1650公尺，木質步道長度約8百多公尺，沿途可見紅檜、黃檜等參天巨木，紅樠、紅豆杉、紅榨槭、木薑子、馬告等野生植物，林相豐富；部分扁柏三代木、二代木樹齡千年以上，氣象萬千。<br>\r\n\r\n 【被遺忘的部落~樂水部落】位處太平山下，為大同鄉境內唯一不與外縣市相鄰的部落。隨著太平山結束伐木，太平山森林鐵路停駛，樂水村不再有火車經過，從此宛如世外桃源般，泰雅人胼手共創樂水仙境。<br>\r\n\r\n◎「棲蘭130線原始檜木林」-森林浴、巨檜木林、木棧步道<br>\r\n◎深入泰雅原鄉文化-傳統建築、歷史足跡、部落生態體驗。<br>\r\n◎宜蘭當地九人座小巴士或中巴接送，引領您體驗秘境部落山林。<br>\r\n◎本行程最低成行人數15人即可出團，歡迎訂購。(每小巴可搭乘八人，不足八人以併團計)(報名時請注意體力,六歲以下兒童不宜參加。)<br>\r\n◎每天僅限40人,須最晚14天前預約(假日請及早報名),快呼朋引伴行動要快喔！<br>\r\n◎線上報名者，請待名單申請入園通過，客服人員通知確認後，再行繳費。\r\n', 2099, '1', 'picture/tra_14.jpg'),
('015', '平雙小旅行~瀑布森呼吸、大自然農園鮮體驗一日', '北部', '2017-06-24', '2017-06-24', '高鐵', '第一天:台北集合-大自然農園-雙溪老街巡禮-午餐-十分車站-菁桐老街-天燈派出所溫暖的家', '◎大自然農園~遠離城市的喧囂讓我們帶著家人一同來體驗大自然有機農園，農家主人曾麟傳大哥會親自帶著大家一起動手摘採時令蔬果當個小農夫，並且特別贈送伴手禮讓您品嘗最道地的農產品。<br>\r\n\r\n◎雙溪老街市區巡禮~新北市雙溪區純淨自然的環境有著山中威尼斯的稱號，並被學者認為是五十年後台灣最適人居的地區之一。雖然沒有新北市其他老街有名氣，但有保留較完整的老建築，包括百年的林益和堂中藥店，與附近的周家古厝、雙溪教會等，不同於深坑老街、平溪老街等充滿人潮與店家，雙溪老街反而有種寧靜的生活氛圍，可以好好欣賞這些懷舊建築的美感。\r\n<br>\r\n◎十分瀑布~位於平溪線鐵路大華車站與十分車站之間，屬簾幕型瀑布，瀑布下方水潭極深，瀑布就像千軍萬馬奔騰，傾瀉而下，感覺就像一襲白色綢緞，墜入一大片寬廣深潭，瀑水形成的水氣經常瀰漫在瀑潭上方，經陽光照射，便呈現出一道彩虹，顯現出晴空霓虹璀燦奪目，故有「彩虹淵」的美名。十分瀑布因岩層的傾向與水流相反，屬於逆斜層瀑布，此情況與北美的尼加拉瀑布相似，使其贏得「台灣尼加拉瀑布」的美譽。<br>\r\n\r\n◎波麗士天燈~平溪天燈派出所的全名是「新北市政府警察局瑞芳分局平溪分駐所」，外觀大型天燈主體是由玻璃帷幕及近20萬顆LED燈所構成。\r\n<br>\r\n◎特別於平溪商圈安排在地導覽人員，讓您深度了解在地風土民情，聽導覽人員娓娓道來這裡的趣味故事。<br>\r\n\r\n◎特別安排午餐品嘗當地風味餐<br>', 1360, '1', 'picture/tra_15.jpg'),
('016', '六人成行◎基隆、九份、平溪鐵道追星ㄧ日', '北部', '2017-06-17', '2017-06-17', '遊覽車', '第一天:台北→深坑老街→菁桐火車站→平溪老街→十分車站→九份山城+黃金博物園區(週一休館)-基隆廟口', '◎平溪：沒有分秒必爭的紅綠燈、沒有日以繼夜的便利商店、沒有人聲鼎沸的速食店、沒有車水馬龍的加油站、沒有一板一眼的鐵道柵欄。和台北市區相距的車程才不到一個鐘頭，但散發的卻是截然不同的悠閒和靜謐。這裡不只是天燈的故鄉，更有引人入勝的瀑布、吊橋、老街、煤礦及鐵道。幾年來，因為本土電影、電視、廣告的推波助瀾，平溪線的風光亦越為遊客所知。十分、平溪、菁桐為平溪線三個主要聚落，從瑞芳站搭乘小火車或駕車循１０６縣道，沿線有豐富自然景觀與沉靜的人文氣息，還有歷史悠久的煤礦遺址，早已是北台灣熱門的觀光路線。<br>\r\n◎平溪郵局老郵筒：位於平溪街上，郵局前有一個全台灣現存歷史最悠久的老郵筒，圓筒型鑄鐵製造而成，據說這個直立式郵筒從日據時代使用至今，比郵局設立還早。這種郵筒在民國５０年代還頗常見，後來因為圓筒型郵筒較佔空間，加上都市發展，道路拓寬後大多拆除，而平溪郵局因位於地勢較高的坡地而保留下來。現在有不少遊客被它古意十足的造型所吸引，甚至會特地購買明信片到此投遞。<br>\r\n◎菁桐車站：平溪支線的終點站，建於１９２９年，至今已有７０餘年歷史，為目前台灣僅存少數典型木造車站之一。無論外觀或內部陳設尚保持原有風貌，站內保留著電氣路牌閉塞器、轉轍器、舊式車票箱等文物，在台鐵眾多車站中可謂碩果僅存，極富保存價值。２００１年獲選為文建會台灣歷史建築百景之一，２００３年列為縣定古蹟。<br>\r\n◎基隆廟口：基隆奠濟宮的廟口小吃獲得美食家「種類之多。全台之冠」的美譽，有口 皆碑的美食，形成以食聞名的觀光勝地！ !', 1699, '1', 'picture/tra_16.jpg'),
('017', '觀光巴士◎東北角海岸、金瓜石、九份一日遊', '北部', '2017-06-27', '2017-06-27', '觀光巴士', '第一天:台北→鼻頭角→南雅→陰陽海→黃金瀑布→金瓜石→九份→台北', '◎本產品為交通部觀光局【台灣觀光巴士】嚴選路線，中外遊客口碑卓越，專業解說與一流服務品質，是您造訪東北角的最佳選擇<br>\r\n◎東北角海岸：北起台北縣瑞芳鎮，南至宜蘭縣頭城鎮，全長約６６公里的東北角海岸線，有豐富的自然、人文、美食及完善的公共設施，舉凡燈塔、草嶺古道、沙灘、衝浪、渡假中心與奇特的自然景觀，如蘑菇般的蕈狀石、豆腐岩、蜂窩岩，是北台灣最具魅力的風景區。<br>\r\n◎金瓜石、黃金博物館：金瓜石曾是台灣知名的礦區，有「黃金的故鄉」的美稱，以前淘金的舊礦場目前已規劃為黃金博物館，園區裡有環境館、太子賓館、黃金神社、本山五坑道、日式宿舍等，可以深入瞭解金瓜石的淘金歲月。<br>\r\n◎九份老街：位於基隆山旁的九份是座山城，觀光客在熱鬧的老街(基山街)穿梭，品嚐芋圓、草仔粿、芋粿等小吃，購買手工木屐、懷舊零食、手繪衣等特產，最棒的是找間懷舊茶館，一邊品茗清香的台灣茶，一邊眺望山城海景。\r\n', 1200, '1', 'picture/tra_17.jpg'),
('018', '穿越濱海線 GFUN紡織館、卡司蒂拉樂園一日遊', '北部', '2017-06-27', '2017-06-27', '遊覽車', '第一天:台北車站－新屋綠色隧道－GFun機能紡織生活館－竹圍漁港－卡司蒂拉樂園－林口三井OUTLET一溫暖的家', '◎Gfun紡織生活館，樓頂有一座獨創的「風雨體驗走廊」，穿上GFun雨衣實際淋雨吹風，體驗有別於傳統塑膠雨衣的悶熱不適，輕輕抖一抖雨水就掉落。除了受機車族喜愛的雨衣，採購區裡另有各種機能衣服可選購，比起國際品牌更經濟優惠。<br>\r\n\r\n◎新屋綠色走廊安排騎乘自行車遊玩<br>\r\n提供有各式單車、親子車、協力車、多人座敞篷車等多種車型款，提供最休閒遊樂方式暢遊綠色走廊，讓人可以悠閒的騎著單車追風去！<br>\r\n\r\n◎卡司˙蒂拉樂園 <br>\r\nCastella Land 是全國首家結合文創元素打造的觀光工廠，有別於既往觀光工廠模式，以一種全新的跨界合作與現代化科技結合用以呈現金格食品對自家品質的堅持與用心。鳳凰旅遊特別安排專人導覽及DIY活動，自己動手製作可愛的馬卡龍造型餅乾(一人兩顆)。\r\n<br>\r\n◎林口三井OUTLET<br>\r\n有220家國內外知名品牌店鋪進駐，還有全亞洲第一間HUNTER OUTLET在林口三井！沒買到會搥心肝啦', 1488, '1', 'picture/tra_18.jpg'),
('019', '部落深度旅遊◎橫跨彩虹橋、羅浮獵人學校一日', '北部', '2017-07-08', '2017-07-08', '遊覽車', '第一天:台北車站－前往桃園－義興吊橋－羅浮部落獵人學校+小米園區－角板山行館 －溫暖的家', '◎安排電影《賽德克巴萊》場景-義興吊橋，讓您回味有如史詩鉅片的電影。每年4~5月附近開滿桐花，景象迷人。<br>\r\nPS:花季依照氣候影響，若無法如期開花請見諒。<br>\r\n\r\n◎精心安排羅浮獵人學校及小米園區　<br>\r\n1.體驗有趣的山林打獵活動及製作陷阱，學習先人智慧，讓您體驗穿梭在竹林間的恣意暢快，一窺原住民生活文化。<br>\r\n2.特別安排品嘗美味的無菜單料理，會依照季節搭配不同的菜單，展開一場幸福味蕾的體驗。<br>\r\n3.贈送小米DIY，有小米風鈴、小米酒二選一。<br>\r\n4.一同體驗泰雅體操動一動<br>\r\n\r\n◎角板山行館安排客人前往神秘隧道<br>\r\n往行館左下階梯走下園內的「避難神秘隧道」現已開放參觀多時，讓人可以感受當年的神秘！走入洞內可看到相當厚實的防彈鋼門，走道兩側現已彩繪著原住民圖騰，厚實水泥隧道令人感覺到相當安全，走完一趟別有一番體會喔！\r\n', 2188, '1', 'picture/tra_19.jpg'),
('020', '觀光巴士◎北海岸野柳、淡水(朱銘美術館)一日遊', '北部', '2017-06-24', '2017-06-24', '觀光巴士', '第一天:台北 ￫ 野柳 ￫ 朱銘美術館 ￫ 富貴角燈塔公園 ￫ 三芝￫ 淡水 ￫ 台北', '◎本產品為交通部觀光局【台灣觀光巴士】嚴選路線，中外遊客口碑卓越，專業解說與一流服務品質，是您造訪淡水、北海岸的最佳選擇。<br>\r\n◎淡水中正路老街於民國88至89年間進行街道拓寬工程，花崗岩舖設成的人行道，老街居民配合門面復古整修，加上整齊的招牌的規劃，成\r\n　了吸引觀光客的美麗街道。<br>\r\n◎地處於富貴角風景線上的『富基漁港』，則是以新鮮便宜的當令海產，深受老饕們的讚譽，成為現今旅人們尋訪石門美食的重要據點。<br>\r\n◎朱銘美術館位於台北縣金山鄉北海岸山間，與大自然完全融合，像一座綠化優美的公園。<br>\r\n◎「野柳」為大屯山餘脈伸出海中的岬角，從金山遠眺，猶如潛入海中的巨龜，故又名為「野柳龜」。', 1350, '1', 'picture/tra_20.jpg'),
('021', '觀光巴士◎東北角。黃金海岸線一日', '北部', '2017-06-24', '2017-06-24', '遊覽車', '第01天	台北→南雅→鼻頭角→福隆→三貂角→北關→外澳→台北', '◎本產品為交通部觀光局【台灣觀光巴士】嚴選路線，中外遊客口碑卓越，專業解說與一流服務品質，是您造訪東北角的最佳選擇。<br>\r\n◎東北角海岸：北起台北縣瑞芳鎮，南至宜蘭縣頭城鎮，全長約66公里的東北角海岸線，有豐富的自然、人文、美食及完善的公共設 施，舉凡燈塔、草嶺古道、沙灘、衝浪、渡假中心與奇特的自然景觀，如蘑菇般的蕈狀石、豆腐岩、蜂窩岩，是北台灣最具魅力的風景區。<br>\r\n◎福隆：古稱挖子澳，又稱新澳底，因為在日據時期時日本人為了打通基隆與宜蘭之間的交通而建造鐵路貫穿其間，但因鐵路無法通過澳底遂取道福隆，稱為『澳底驛』，故名為新澳底，由於福隆地區正位於東北角海岸風景區的中心，因此東北角暨宜蘭管理處也 設於此。<br>\r\n◎三貂角：據傳明朝天啟六年（西元１６２６年）西班牙船艦由菲律賓開抵臺灣東北角海域，因不詳地名為便於記載航海日誌，便以拉丁文命此地為（聖地牙哥）這是西班牙人的習慣以「聖」為開頭，為外國人最早對臺灣東北角的記錄，早期本地先民便以此譯為閩南語音「三貂」，「三貂」地型是臺灣最東北部的岬角，因而自然得名為「三貂角」。', 2188, '1', 'picture/tra_21.jpg'),
('022', '雪霸觀霧◎將軍文學美人湯2日', '北部', '2017-06-10', '2017-06-10', '遊覽車', '第01天	台北車站－清泉~張學良故居泉－山椒魚生態中心－雲霧步道－檜山巨木群步道\n第02天	雪霸休閒農場－野馬瞰山森林步道－國道風光－台北', '◎雲霧步道：雲霧步道以觀霧遊客中心戶外觀景台為起點，全長約848公尺，步行來回約需40分鐘。沿\r\n                       途有三處賞景平台，並有解說牌指出遠方群山的名稱，是認識雪山到大霸尖山聖稜線群\r\n                       峰與雪山西稜線到大雪山峻嶺的好地方，也是近看觀霧、榛山、鹿場大山的展望台。<br>\r\n◎ 檜山巨木群森林浴步道：步道的起點位於樂山林道6KM處觀景台，終點為樂山林道1.2KM步道口，\r\n                       全程4,000公尺，步道中途為5棵千年紅檜巨木。步道可以欣賞到過去伐木工作所使用的\r\n　　　　　　舊台車軌道，步道坡度平緩，是一處老少咸宜、大眾化的健行步道，由觀景台步行約40\r\n　　　　　　分鐘即可抵達觀霧四號巨木。隨後依序3->2->1->5號神木觀賞留影，步道上設有解說\r\n　　　　　　牌誌，可以瞭解沿途的動植物資源。這5棵千年紅檜巨木中，以二號神木胸圍最大，約\r\n　　　　　　16.7公尺，是台灣第7大的巨木；一號神木居次，胸圍約13.6公尺，排名第23名，極具觀\r\n　　　　　　賞價值。', 4000, '2', 'picture/tra_22.jpg'),
('023', '森之精靈◎雪霸觀霧♥自然二日', '北部', '2017-06-24', '2017-06-25', '遊覽車', '第一天:台北→竹東→雪霸農場→漫步綠光森林→夜間活動\r\n第二天:雪霸晨光→雲霧步道→清泉張學良故居→竹東→台北', '◎    【雪霸八景】迷霧、雲海、晚霞、日出、森林、巨木、星空、聖稜線。春有百花秋有月、夏有涼風冬有雪～如同仙境般的世外桃源、山中秘密花園，讓您朝看日出、夕觀霞海、夜攬星辰，一次盡覽雪霸最純淨的自然之美。<br>\r\n◎    【雪霸農場】位居海拔1923公尺，緊臨檜木、柳杉、巨木林，四季景緻瑰麗的雪霸國家公園，自然資源極為豐富；無論觀景或淬飲一杯香淳的雲海咖啡，雲霧飄渺身旁，猶如置身仙境一般…\r\n', 4600, '2', 'picture/tra_23.jpg'),
('024', '觀光巴士◎新竹斯馬庫斯鎮西堡神木群生態風光二日遊', '北部', '2017-06-29', '2017-06-30', '飛機', '第一天:台北→新竹內灣→秀巒→鎮西堡(新光部落) 第二天:鎮西堡→神木群步道→新竹內灣→台北', '◆ 11月下旬起至1月份，鎮西堡的楓紅…是北台灣罕見之美；3月桃花季、6月水蜜桃季。\r\n◆ 「鎮西堡」(cinsbu)泰雅語意為「清晨的時候，太陽第一個照到的地方，終年日照充足，土壤肥美之意」。\r\n◆ 鎮西堡 (cinsbu)位於smangus(新光)部落南方兩公里處，塔克金溪左岸，基那吉山北走脊嶺東側山腹，海拔一千七百公尺左右，相傳為泰雅族著名的大頭目波塔（buta-krahu）之子sehu-buta於四百多年前所建。目前鎮西堡部落約有200人，共計有20餘戶，居民以泰雅族人為主。\r\n◆ 八、九人才能合抱的「小樹」比比皆是，在新竹尖石鄉鎮西堡社後山，有一處神秘的原始檜木，估計森林中至少存在著超過兩百棵的紅檜、扁柏巨木，當中有五分之一，都足以躋身林務局所宣稱的「台灣十大神木」之列，如果您也熱愛大自然，這裡絕對是您不可錯過的選擇；再加上泰雅族原住民樂天知命的開朗，歡迎您和我們一同造訪這人間仙境。\r\n◆ 本行程為唯一一條與部落族人暨『鎮西堡聯合旅遊服務中心』合作推廣之示範遊程。', 4500, '1', 'picture/tra_24.jpg'),
('025', '觀光巴士◎苗栗飛牛牧場&客家文化園區一日遊', '北部', '2017-06-18', '2017-06-18', '觀光巴士', '第一天:台北火車站→飛牛牧場→苗栗客家文化園區→台北火車站', '◎本產品為交通部觀光局【台灣觀光巴士】嚴選路線，中外遊客口碑卓越，專業解說與一流服務品質，是您造訪東北角的最佳選擇。<br>\r\n◎飛牛牧場：區內林木青蔥翠綠、繁花茂盛，飛牛牧場青蔥的綠野上有低矮的房舍和成群的乳牛，提供都市民眾休閒活動，讓人親近大自然，享受自然之美，飛牛牧場也提供ＤＩＹ的課程讓遊客體驗手作的樂趣；遊客遊憩區中有烤肉區、露營區、住宿區、餐廳、紀念品屋、乳製品專賣店、會議室等等，提供遊客來到飛牛牧場享受最完備的休閒服務；農業生產區出產乳牛牛乳之乳製品和牧草種植、有機園區種植花草和有機蔬菜區，讓遊客體驗農場生活。<br>\r\n◎飛牛的由來：飛代表蝴蝶，牛代表乳牛。顏色意象：飛牛標準色是以藍、白、綠，以一定的比例調和而成的飛牛綠。<br>\r\n　藍色代表歡樂的生活假期。<br>\r\n　白色代表健康的酪農生產。<br>\r\n　綠色代表自然的永續生態。<br>\r\n◎苗栗客家文化園區：園區依基地所在的丘陵起伏地形設計，規劃有戶外空間、主展館區及附屬設施，以廣場及環繞基地四周的步道動線將區域作和緩的連結，同時將建築物視為整體景觀的一部分，園區等相關設施被水與綠景紋路所構成的人工山丘所包覆，創造出梯田景觀的意象。', 1280, '1', 'picture/tra_25.jpg'),
('026', '觀光巴士◎苗栗。苗栗馬拉邦森林步道一日遊', '北部', '2017-06-11', '2017-06-11', '觀光巴士', '第一天:台北 ￫ 馬拉邦山 ￫ 薑麻園 ￫ 三義木雕街 ￫ 台北', '◎馬拉邦景觀特色：風景優美，山勢雄偉，有國家一等三角點，是國人喜愛登山之山岳之一。每年楓紅季節來臨，也是著名賞楓景點.<br>\r\n◎ 薑麻園：名列台灣十大經典農村的薑麻園，不僅有關刀山步道，還有獨特的休閒農業文化，也能讓大家重新體會到台灣早期農村風味並兼具休閒創意. <br>\r\n◎  三義木雕街：三義木雕是苗栗縣三義鄉的重要產業和觀光資源，主要木材取自大雪山、阿里山、豐原、竹山、竹東等地，以樟木為主，也用檜木、檀香木等，三義雕刻最特殊的地方，經過師傅的巧手往往能化腐朽為神奇，被賦予了新生命，成為三義木雕最迷人的所在.<br>\r\n', 1200, '1', 'picture/tra_26.jpg');
INSERT INTO `travel` (`travel_id`, `travel_name`, `travel_type`, `travel_date`, `travel_endtime`, `travel_traffic`, `travel_schedule`, `travel_detail`, `travel_price`, `travel_prcnum`, `travel_path`) VALUES
('027', '苗栗巧可力雲莊.黃金小鎮單車.浪漫玫瑰森林一日遊', '北部', '2017-06-18', '2017-06-18', '觀光巴士', '第一天:高鐵各站出發-苗栗高鐵站-巧克力雲莊DIY-大湖酒莊-公館黃金小鎮自行車-雅聞七里香玫瑰森林-返回苗栗高鐵', '1.特別安排巧可力雲莊體驗巧克力DIY。巧克力是使用厄瓜多爾可可作為原料，作出比擬歐洲頂級巧克力品牌的優質口感。與其他進口巧克力 不同的是，Schokolake 的巧克力是充滿台灣風土的巧克力；依照台灣人的口味以及在地食材，研發出有台灣味的「本土巧克力」。<br>\r\n\r\n2.安排公館黃金小鎮自行車，因在夕陽下，農田裡的黃澄澄稻穗，風景優美，故被稱為「黃金小鎮」。鳳凰旅遊特別安排自行車，沿途皆為平坦的柏油路，慢步調的生活伴隨期間，可遠離都市的繁忙生活，輕鬆愜意悠遊其中，享受寧靜田遠風光，適合情侶約會拍照的好地點。<br>\r\n\r\n3.安排人氣景點雅聞七里香玫瑰森林，於2016年4月開幕為蕭敬騰廣告場景。七里香玫瑰森林園區內規劃出以七里香與玫瑰園區，玫瑰園區共分有迎風、迎曦、迎賓、經典、世界、英國、品種玫瑰園趣等，七里香林區內保留著頭屋當地原生七里香，更有一棵百年七里香王於此處生長，除此之外裡頭更規劃出玻璃屋、秘密花園、愛情永駐區、掌上明珠瀑布、新心邱比特區、玫瑰綠廊、雲海、故事館等不同設施，讓不論是大人小孩到此都能夠盡情遊玩，適合情侶、家庭出遊。\r\n', 1190, '1', 'picture/tra_27.jpg'),
('028', '觀光巴士◎最貼近天空的地方‧苗栗天空之城一日', '北部', '2017-07-01', '2017-07-01', '觀光巴士', '第一天:台北 ￫ 客家文化園區 ￫ 龍騰斷橋、勝興車站 ￫ 天空之城 ￫ 台北', '想要一個，可以放空慵懶的地方<br>\r\n\r\n想要一個，可以忘記塵世繁忙步調緊湊，像家的地方<br>\r\n\r\n想要一個，可以享受美食，可以放眼美景，可以留連人文藝術間的地方\r\n<br>\r\n想要一個，可以實現在餐飲服務許多歲月後，在人生的漫長路程後，\r\n<br>\r\n一個實現畢生理想的地方~~~~天空之城~~~~~。<br>\r\n\r\n◆行程特色<br>\r\n◎本產品為交通部觀光局【台灣觀光巴士】嚴選路線，中外遊客口碑卓越，專業解說與一流服務品質，是您造訪東北角的最佳選擇。<br>\r\n◎天空之城：在這裡，天空很藍，微風很輕，彷佛能把煩惱給遺留在這裡，讓天上的雲朵帶走而人，也彷佛輕鬆的可以漫步在雲端裡\r\n　天空的故鄉，天空之城。走上石梯步道，我們一步步往天堂古堡前進抬頭一望，那充滿異國風情的古堡建築就在我們眼前。<br>\r\n◎苗栗客家文化園區：園區依基地所在的丘陵起伏地形設計，外觀採玻璃帷幕組成，與內部樹狀結構設計緊密結合，打破一般人對客家建築的刻板印象，呈現出不同以往的現代藝術風格。不僅如此，園區設計更符合綠建築九大指標，是一座兼具節能及環保的文化園區<br>\r\n◎龍騰斷橋：以糯米砌磚、呈現每層磚頭寬度不一的特色，並有標示記號，橋面距地面有50公，是山線鐵路中最高的橋樑。<br>\r\n◎勝興車站：「台灣鐵路最高點」、「海拔四0二、三二六公尺」紀念碑。到勝興車站的遊客卻多了一份緬懷<br>', 1180, '1', 'picture/tra_28.jpg'),
('029', '【國旅卡推薦優質行程】無障礙輕旅遊～悠遊台南二日', '南部', '2017-06-30', '2017-06-30', '遊覽車', '第01天	台北捷運中正紀念堂五號出口出發-嘉義真北平餐廳-北門井仔腳瓦盤鹽田-北門遊客中心-錢來也雜貨舖-飯店  \r\n第02天	飯店-奇美博物館-喜粵樓宴會餐廳-十鼓文化村-回程', '【無障礙遊覽車】全台首家推廣無障礙遊覽車，車內含精緻寬敞的四排椅可容納28人，且於車身左側設計成能同時乘載3部輪椅（電動輪椅）的座位區。<br>\r\n【奇美博物館】位於台南都會公園，耀眼的外觀和豐富的館藏，讓人有置身歐洲的感覺。建築雜揉了歐美建築藝術史中的諸多元素，雪白堂皇，型似美國「白宮」也像法國「凡爾賽宮」。館內蒐羅了上萬件珍品，充分展現文明藝術之深邃與壯美。<br>\r\n【北門井仔腳瓦盤鹽田】「井仔腳瓦盤鹽田」是北門的第一座鹽田，也是現存最古老的瓦盤鹽田遺址，原為清領時期的瀨東鹽場，1818年遷此至今未再移位，而且清一色為瓦盤鹽田，呈現出馬賽克拼貼般的美麗藝術，近來因人工成本過高的原因，於2002年結束了長達338年的曬鹽業，使原來遍布於此處的鹽田，漸漸荒廢棄置，管理處為延續其曬鹽產業文化的精神，將鹽場復育，而現已成為雲嘉南濱海國家風景區內最具特色的觀光鹽田，更恢復了居民共有的生活回憶，遊客在此可體驗傳統曬鹽、挑鹽、收鹽的樂趣，是一處適合親子同遊的深度景點。', 2500, '1', 'picture/tra_29.jpg'),
('030', '高鐵假期親子遊◎高雄。義大天悅Hape ECO Land自由行二日', '南部', '2017-07-07', '2017-07-07', '高鐵', '第01天	依自選高鐵站→高鐵風光→高鐵站→接駁至飯店→高雄之夜\r\n第02天	享受飯店早餐→自由行→高鐵站→高鐵風光→高鐵車站', '高雄義大天悅飯店<br>\r\n◎飯店介紹：以英式新古典建築及典雅室內風格呈現，與義大遊樂世界及義大世界購物廣場三方攜手，集遊樂、購物、觀光之渡假休閒飯店。<br>\r\n◎飯店交通：去程: 高鐵左營站  2號出口下樓後 至第3 月台候車 (車體為義大世界紫色logo)<br>\r\n　　　　　　回程: 飯店大廳(17:00前)、義大世界C區大門口、義大世界A區大門口<br>\r\n\r\n◆指定車次：<br>\r\n去程：813車次　(南港09:00~左營11:25)　活動期間每週六。<br>\r\n回程：842車次　(左營16:25~南港18:50)　活動期間每週日。<br> \r\n', 3400, '2', 'picture/tra_30.jpg'),
('031', '專人專車◎與台灣有約、宜花東縱貫四日', '東部', '2017-05-10', '2017-05-10', '遊覽車', '第01天	專車迎賓→雪山隧道→南方澳漁港+金身媽祖→蘇花公路+清水斷崖→太魯閣峽谷→阿美族歌舞表演→花蓮\r\n第02天	飯店→兆豐農場→光復糖廠→瑞穗牧場→池上→鹿野高台→知本溫泉\r\n第03天	飯店→小', '◎南方澳漁港+金身媽祖由來解說<br>\r\n◎阿美族歌舞表演秀<br>\r\n◎阿美族 & 卑南族原住民風味餐<br>\r\n◎光復糖廠品嚐冰品<br>\r\n◎體驗瑞穗牧場濃純香的鮮乳酪及鮮奶<br>\r\n◎鹿野茶園品茶<br>\r\n◎知本溫泉體驗<br>\r\n◎水往上流奇觀<br>\r\n◎品嚐奇萊雅酒莊風味絕倫的精釀酒<br>\r\n◎九份老街＋基隆廟口\r\n', 8000, '4', 'picture/tra_31.jpg'),
('032', '專人專車◎以峽谷之名愛上太魯閣二日', '東部', '2017-06-14', '2017-06-14', '遊覽車', '第01天	專車迎賓→雪山隧道→蘇花公路+清水斷崖→太魯閣峽谷→阿美族歌舞表演→花蓮\r\n第02天	飯店→兆豐農場→南方澳金身媽祖→羅東→台北', '◎南方澳漁港+金身媽祖由來解說<br>\r\n◎阿美族歌舞表演秀<br>\r\n◎阿美族 & 卑南族原住民風味餐\r\n', 3500, '2', 'picture/tra_32.jpg'),
('033', '高鐵假期豐富行◎新北。九份平溪放天燈‧饒河夜市一日遊', '北部', '2017-07-21', '2017-07-21', '高鐵', '第01天	出發地高鐵站→台北高鐵站→九份(午餐自理)→平溪放天燈(兩人一盞)→饒河夜市→台北高 鐵站→出發地高鐵站', '11：30 台北火車站西一門前集合<br>\r\n12：00－14：00 【九份】是昔日台灣的採金礦中心，環山面海，擁有變化多端的山海美景，為一座小小的山城，保有著純樸的舊日生活\r\n                               風貌，但在金礦產業漸漸沒落之後，由於九份依舊保留著日據時代的舊式建築，其主要的景觀聚集在基山街，是九份\r\n                               最熱鬧的街道，土小吃芋仔蕃薯、九份第一家茶坊，九份的懷舊氣息，自然而然的也承襲的許多美食，有黑糖麻糬、\r\n                               豆腐乳、無鉛土皮蛋等等，都是相當美味的伴手禮喔！(小吃美食敬請自理)<br>\r\n14：50－16：30 【平溪生態及老街巡禮】舊稱「石底聚落」一帶，若從106縣道進入，過石底橋就可抵達平溪街。老街沿山坡而建，依\r\n                              傍在基隆河畔，狹窄的石板路上，保存了許多傳統的長條型街屋，至今依舊散發著濃濃的古意。 這裡是適合鐵道遊憩\r\n                              的地方，所有的精華都圍繞在火車站旁，老街沿路有許多販賣農產品的店舖，阿嬤的柑仔店，以及廚藝精湛的鄉土小\r\n                              吃店和餐廳；穿梭在巷弄中，不時可發現最富人情、最古意的舊時器具；或者隨意閒逛，突然驚見火車從頭頂的鐵橋\r\n                              駛過，令人迫不及待地想按下快門捕捉這難得的畫面。走一趟平溪老街，體驗恬靜的歷史情懷與悠悠的生活情調，更\r\n                              增添旅程中的美好回憶。<br>\r\n                           【施放天燈(每2人1組)】進行今日重頭戲~施放天燈!!「北天燈、南蜂炮」已成台灣元宵節最負盛名活動；平溪放天燈每\r\n                              年都吸引十多萬民眾參加；有人說天燈是諸葛亮為傳遞軍情所創，又稱孔明燈；也有傳說是民眾要躲避盜匪，互報平\r\n                              安施放信號，而稱為祈福燈或平安燈。元宵節前後，數千組天燈在暗夜中升空，將平溪夜空點綴得更炫麗迷人。<br>\r\n                              *建議步行老街路線：平溪老街→平溪郵局老郵筒→觀音巖、警報鐘亭→日據防空洞<br>\r\n17：30－19：20 【饒河街】位於台北市松山區，範圍從八德路四段至撫遠街交叉口的慈佑宮，全長約為600公尺，是台北是數一數二受\r\n                              歡迎的觀光夜市，更是台北市第二座成立的觀光夜市，更是海內外遊客來到台灣旅遊的不二選擇。<br>\r\n               19：30   請依約定時間及地點集合搭車。', 5500, '3', 'picture/tra_33.jpg'),
('034', '高鐵假期親子遊◎高雄。義大天悅Hape ECO Land自由行二日', '南部', '2017-07-01', '2017-07-02', '高鐵', '第01天	依自選高鐵站→高鐵風光→高鐵站→接駁至飯店→高雄之夜\r\n第02天	享受飯店早餐→自由行→高鐵站→高鐵風光→高鐵車站->回家', '高雄義大天悅飯店<br>\r\n◎飯店介紹：以英式新古典建築及典雅室內風格呈現，與義大遊樂世界及義大世界購物廣場三方攜手，集遊樂、購物、觀光之渡假休閒飯店。<br>\r\n◎飯店交通：去程: 高鐵左營站  2號出口下樓後 至第3 月台候車 (車體為義大世界紫色logo)<br>\r\n　　　　　　回程: 飯店大廳(17:00前)、義大世界C區大門口、義大世界A區大門口<br>\r\n\r\n◆指定車次：<br>\r\n去程：813車次　(南港09:00~左營11:25)　活動期間每週六。<br>\r\n回程：842車次　(左營16:25~南港18:50)　活動期間每週日。', 7200, '7000以上', 'picture/tra_34.jpg'),
('035', '觀光巴士◎台東墾丁雙城記三日[東進高出](7-8月單號出發)', '南部', '2017-07-19', '2017-07-19', '觀光巴士', '第01天	台北/鐵道風光/台東自在采風行(3選1)/台東\r\n第02天	台東/台東墾丁觀光巴士-墾丁恆春半島風情遊程/墾丁', '台東墾丁觀光巴士‧唯一具有2人成行固定往來於墾丁－台東間的觀光巴士，能提供親民便民的服務。串聯台東墾丁，連結一氣；增加觀光便利性；前進南迴公路+台199線；讓遊客輕鬆體驗壽卡/旭海/恆村半島山海之美；遊賞最美麗的車站-多良車站、探訪哭泣湖+旭海大草原；暢遊墾丁鵝鑾鼻、白沙灣..美景；讓您一次出遊，即能體驗墾丁、台東兩地的美麗文化景緻。\r\n', 5500, '3', 'picture/tra_35.jpg'),
('036', '兩人成行◎花蓮。自在風采三日(火車來回)', '東部', '2017-06-02', '2017-06-03', '火車', '第01天	台北/鐵道風情/花蓮自在采風行(4選1)/花蓮\r\n第02天	花蓮悠閒體驗之旅\r\n第03天	花蓮/花蓮自在采風行(５選１)/鐵道風光/台北', '◎統帥大飯店：花蓮統帥大飯店位於花蓮市，距機場車程僅 10 分鐘，花蓮統帥大飯店是市中心唯一的國際級觀光大飯店，矗立於花蓮市中心，花蓮統帥大飯店便利的地理位置、溫馨體貼的服務，是旅遊商務人士最佳選擇。270間全新裝潢精緻客房，並擁有花蓮當地最受讚譽的廚師陣容，將當地特產創意精調成中西式佳餚；耗資千萬打造的休閒天地；擁有電玩室、兒童球池、網咖、三溫暖及露天Spa水療池等遊樂設施，使您花蓮之行豐富驚奇之餘兼顧身心靈之滿意絕對是您渡假休閒最佳選擇。<br>\r\n\r\n◎美侖大飯店：以『商務休閒飯店』定位的花蓮美侖大飯店，設計上首以「安全」、「舒適」為重點。安全方面在建築結構特別採用高防震器材、防火及消防建材也利用在客房及飯店設備。美侖擁有360間各式溫馨客房，每房均有大觀景窗，視野遼闊，山海美景盡收眼底。平均12坪大的舒適客房，明亮、舒適。多樣房型可供選擇：從雙人、三人、四人，並規劃豪華、儷景套房層，溫馨的內部空間，宛如置身家般輕鬆自在。360坪超大戶外游泳池、美容養生室內水上樂園、大型商務會議、宴客喜慶、池畔星光BBQ是您渡假休閒最佳選擇。', 5800, '3', 'picture/tra_36.jpg'),
('037', '高鐵假期◎高雄。輕軌、駁二特區、高捷二日輕鬆遊', '南部', '2017-07-01', '2017-07-02', '高鐵', '第01天	高鐵左營站→夢時代→MLD台鋁→高雄展覽館→85大樓→愛河河畔→飯店自理\r\n第02天	飯店→駁二藝術特區→西子灣→旗津→高鐵左營站', '◆費用包含<br>\r\n◎高鐵標準車廂對號座來回車票。<br>\r\n◎高雄好玩卡(含高雄捷運二日效期、輕軌搭乘、愛河貢多拉船票、駁二護照手環、風味餐\r\n*本專案不含人員導覽及住宿<br>\r\n◎旅行業２００萬履約責任險附加２０萬意外醫療險。\r\n<br>\r\n\r\n「高雄輕軌‧駁二特區‧高捷二日遊」票卡內容及兌換方式：<br>\r\n請至高雄捷運左營站服務台兌換二日套票卡乙張<br>\r\n(1)可於二日內無限次搭乘高雄捷運及輕軌<br>\r\n(2)愛河貢多拉遊河乙次：持票卡到愛河貢多拉船搭乘處，憑卡核銷兌換搭船乙次<br>\r\n(3)駁二護照手環乙個：持票卡至大勇倉庫C5服務台核銷兌換。<br>\r\n(4)Pasadena風味餐(6選1)乙份 ：持票卡至Pasadena駁二店核銷兌換餐點。(週一公休)<br>\r\n(5)高雄85觀景台門票乙張：持票卡至1F服務台核銷兌換門票。<br>\r\n(6)MLD台鋁咖啡乙杯：持票卡台鋁MLD商場的市場咖啡核銷兌換熱美式咖啡。', 5800, '3', 'picture/tra_37.jpg'),
('038', '甜蜜巧克力好姻緣二日【日月潭、鹿港】', '西部', '2017-06-18', '2017-06-19', '遊覽車', '第一天:台北→國道六號→埔里酒廠→18度C巧克力工房→桃米社區→紙教堂→日月潭遊艇遊湖+纜車\r\n第二天:飯店→龍鳳宮月下老人→向山遊客中心→車埕小鎮→鹿港老街+玻璃廟→台北', '台灣最負盛名日月潭月下老人參拜<br>\r\n首創3D遊覽日月潭<br>\r\n埔里金都餐廳紹興風味餐<br>\r\n車埕小鎮懷舊木桶風味餐<br>\r\nTVBS 專訪超好吃牛舌餅(假日限定版)<br>\r\n鹿港小鎮玻璃廟', 7000, '3', 'picture/tra_38.jpg'),
('039', '專人專車◎偶像劇追星中台灣二日', '西部', '2017-06-10', '2017-06-11', '遊覽車', '第01天	專車迎賓→巧克力雲莊→大湖酒莊→三義木雕街→勝興車站→自然風情→逢甲夜市→台中\n第02天	汽車旅館→宮原眼科→台中放送局→新社古堡→手信坊→台北', '．宮原眼科<br>\r\n位於火車站附近的日出系列宮原眼科，讓遊客都會聯想到，是要去看眼科嗎？哈哈，是的，曾經是眼科醫院，是日據時代的宮原武熊醫生所開設的，原先因建築老就變成了廢墟，後來由知名鳳梨酥業者日出買下此建築，並將此具有歷史的建築物做了整修後重新開張，以宮原眼科的店名銷售餐飲。<br>\r\n．台中放送局<br>\r\n位於台中體育場旁邊的台中放送局，建立於日治時代1935年，距今已經有77年歷史，混和了羅馬與哥德的簡約建築風，其主體建築屬於『過渡式樣』，這些點綴性裝飾元素包括「簡約羅馬風格」與「簡化哥德風格」兩類。放送局意圖營造中世紀古堡意象，二樓女兒牆採『四葉飾』鏤空圖騰，此風格屬於「簡化哥德風格」手法，如此美的風格，就連偶像劇下一站幸福也來此當作拍攝場景之一，吸引了不少人前來朝聖。<br>\r\n．新社古堡<br>\r\n新社花園常被稱為新社古堡，新社古堡莊園，是大坑風景區新社鄉裡著名的地標。新社莊園裡的建築充滿著古歐洲的風格，步入新社莊園，彷彿置身於中古世紀的歐洲古堡、花園、酒莊。新社花園興建於山林密佈的土地上，開發上保有原本的山林也加入了不少的人工造景，置身於浪漫歐洲古堡徜徉於青山綠水間，宛如在與世隔絕的桃花源中。', 5200, '3', 'picture/tra_39.jpg'),
('040', '日月潭阿里山三日遊', '西部', '2017-06-16', '2017-06-18', '遊覽車', '第一天:台北→福爾摩沙高速公路→奮起湖風景區→阿里山森林遊樂區\r\n第二天:飯店→森林小火車體驗→塔塔加遊客中心→夫妻樹→新中橫景觀公路→車埕小鎮→向山遊客中心→日月潭\r\n第三天:飯店→3D玩賞日月潭→', '◆主要特色<br>\r\n指定的時間，屬於您的專車到府接送，幫各位貴賓提行李、開車門。或是於住家附近的地點接送，保障貴賓個人的隱私，旅途中有專人為您開車及導覽，省去了自己開車的疲勞，您可在車上享受安靜的空間，不用被吵雜的卡拉OK打擾，好好休息一番，儲備體力，為這兩天的行程，留下最美的紀念。<br>\r\n\r\n◆特別安排<br>\r\n◎品嚐奮起湖懷舊便當風味<br>\r\n◎體驗邵族原住民風味餐<br>\r\n◎首創3D玩賞日月潭<br>\r\n◎巧克力工坊甜蜜蜜巧克力<br>\r\n◎埔里酒廠紹興冰棒', 8500, '4', 'picture/tra_40.jpg'),
('041', '高鐵假期◎桃園。翰品酒店桃園自由行二日', '北部', '2017-06-17', '2017-06-17', '高鐵', '第01天	依自選高鐵站→高鐵風光→高鐵站→接駁至飯店→桃園之夜\n第02天	享受飯店早餐→自由行→高鐵站→高鐵風光→高鐵車站', '◎飯店介紹：翰品酒店桃園為當地首屈一指的商務飯店，座落於桃園市中心火車站旁、百貨金融商圈，為桃園商業文化彙集地。比鄰八德、龜山高科技園區，近桃園國際機場。 ２０１３年１月全新升級，酒店內富麗水晶吊燈點綴挑高七米大廳氣派非凡； １７０間雅緻客房溫馨舒適，備有尊貴的交誼廳、商務中心、會議中心、健身房、自助洗衣房，皆為滿足您專屬需求而設置，予您賓至如歸的感受。<br>\r\n◎飯店交通：搭乘免費高鐵快捷公車自高鐵桃園站至桃園區復興路(南華站)，步行約3-5分鐘。\r\n', 1288, '1', 'picture/tra_41.jpg'),
('042', '高鐵假期◎新竹。美麗信酒店自由行二日', '北部', '2017-08-12', '2017-08-13', '高鐵', '第01天	依自選高鐵站→高鐵風光→高鐵站→接駁至飯店→新竹之夜\n第02天	享受飯店早餐→自由行→高鐵站→高鐵風光→高鐵車站', '新竹美麗信酒店<br>\r\n◎飯店介紹：新竹美麗信酒店緊臨新竹市公道五路交流道旁，１５分鐘內即可抵達高鐵站，鄰近清大夜市、台灣世博館；便捷的交通網路，讓商務拜訪與假期享樂皆能自在悠遊，邀請嘉賓與親友一同充分歡享竹塹地區與眾不同的人文雅藝恬適之旅吧！<br>\r\n◎飯店交通：新竹高鐵站四號出發搭乘計程車(配合車隊：大都會衛星車隊)免費來回接駁，車資由飯店支付<br>\r\n◎去程:至新竹高鐵站4號出口搭乘計程車<br>\r\n◎回程:飯店代叫計程車服務，於飯店大廳上車\r\n', 5400, '3', 'picture/tra_42.jpg'),
('043', '高鐵假期◎苗栗。兆品酒店自由行二日', '北部', '2017-07-20', '2017-07-22', '高鐵', '第01天	依自選高鐵站→高鐵風光→高鐵站→接駁至飯店→新竹之夜\r\n第02天	享受飯店早餐→自由行→高鐵站→高鐵風光→高鐵車站→回家', '兆品酒店苗栗<br>\r\n◎飯店介紹：苗栗縣唯一首座星級國際觀光飯店，緊鄰萬坪運動公園及苗北藝文中心，191間客房設計以旅客需求為導向，每間客房坪數達12坪以上，為商務客、親子旅遊的選擇。<br>\r\n◎飯店交通：免費高鐵快捷公車。高鐵苗栗站1號出口，搭乘高鐵快捷公車竹南科學園區線至苗北藝文中心站或頭份運動公園站下車，步行約4分鐘。', 9300, '4', 'picture/tra_43.jpg'),
('044', '專人專車◎妖怪上天梯奇幻二日', '西部', '2017-07-01', '2017-06-03', '觀光巴士', '第01天	專車迎賓→寶島時代村→鹿谷茶園風光→溪頭森林遊樂區→妖怪村\r\n第02天	飯店→竹山天梯→內湖森林小學→車埕小鎮→台北->回家', '‧寶島時代村 <br>\r\n\r\n「寶島時代村」是大時代的縮影、歷史的傳承，以夜市文化為時代回憶的起點，從人文關懷、地方特色、鄉土民情出發，帶入台灣四大族群的融合演變，濃縮百年生活光景，打造全亞洲最大室內懷舊主題文化村。我們建構眷村、客家庄、原住民部落、集集車站、三合院辦桌、黃昏市場、廟口小吃等場域，並結合草鞋墩人文觀光夜市，以傳統生活、飲食小吃、實境表演，忠實呈現台灣豐富而多彩的社會風景及庶民經濟，帶領人們穿越時光甬道，細細咀嚼歲月滋味，創造最獨特迷人的寶島印象！。<br>\r\n\r\n \r\n\r\n‧鹿谷茶園 <br>\r\n\r\n鹿谷小半天地區農家早年多栽培孟宗竹，爾後引入茶樹，隨處可見茶園、竹林深淺綠意交錯，竹鄉風情動人。來到鹿谷，不妨到鹿谷鄉農會茶業文化館，其於民國85年10月落成，佔地約200坪。境內雲霧縹緲、翠峰環繞，一座三層樓的傳統中國宮廷式建築，朱楹飛檐的外觀，搭配滿溢茶香的內涵，是您長途旅遊的貼心小站。來到這裡啜口茶、小歇片刻，安心品茗、試茶的好地方！<br>\r\n\r\n \r\n\r\n‧溪頭森林遊樂區 <br>\r\n\r\n溪頭森林遊樂區一年四季萬種風情，園內古木參天，遍植杉木、柏樹、紅檜、孟宗竹、銀杏等植物，並規劃大學池木屑步道、神木、沿溪、觀景、銀杏林、賞鳥等多條森林步道系統，各步道上皆設有多處涼亭供遊客歇憩使用，這裡就像是裝上了一台大型空氣清淨機般，無間斷的供應著潔淨清新的空氣，走走停停、說說笑笑，心底不禁豁然開朗起來。\r\n<br>\r\n \r\n\r\n‧妖怪村 <br>\r\n\r\n溪頭妖怪村位於溪頭森林遊樂區出入口處旁的小商圈，整體建築風格帶著濃濃的日式和風，商店中最具代表的是久保田烘焙房，最有名的是咬人貓麵包，麵包的香味相當特殊，每日限定出爐。明山的創辦人是台灣鹿谷凍頂人，因為日據統治所以有個日本名字「松林勝一」。年輕時就到森林裡工作，遇到了瘦弱的小雲豹及小黑熊，豢養牠們並取名為「八豆」及「枯麻」。而原始的森林畢竟還有一些人們未知的事物，鬼妖、幻獸之說就蒙上了一層神秘色彩。這些流傳在溪頭森林中的故事，讓我們有些期待與幻想。無形中這裡的氛圍也成為了大人與小孩們，造夢尋夢的園地。', 3200, '2', 'picture/tra_44.jpg'),
('045', '專人專車◎霧中湖泊與小瑞士的對話二日', '西部', '2017-06-25', '2017-06-26', '遊覽車', '第01天	專車迎賓→國道六號→台一生態花卉園區→霧社→清境農場→小瑞士花園\r\n第02天	飯店→日月潭纜車+遊艇遊湖→向山遊客中心→車埕小鎮→台北->回家', '◎台一生態花卉園區<br>\r\n「從一粒種籽觀察生命的奧妙，用花香裝扮多彩人生」，用專業貢獻社會，提供知性觀光資源，這就是農場主人設立「台一生態教育休閒農場」的服務宗旨。農場主人以個人獨到的見解開創了這一片「花的精緻農業」，從小規模的苗圃到多元化發展，將休閒與生態融入他一手打造的奇幻花園仙境中，農場裡的每一處園區都可發現他的用心以及對花的真情熱愛，農場主人用心的將其打造成一座可讓人沉澱心靈、遠離塵囂的百花仙境，並歡迎您一起來參與享受。<br>\r\n\r\n◎霧社<br>\r\n素有櫻都之美稱的霧社海拔1148公尺，位於南投縣仁愛鄉，終年氣候涼爽，在日據時期便以櫻花之美馳名，每年1月下旬至3月中旬櫻花盛開之際，嬌艷酡紅，令賞玩遊客不飲自醉。霧社境內主要風景區有碧湖、莫那魯道抗日紀念碑、國立仁愛高農櫻花林等。四周高峰重疊，青山翠谷，美麗風景盡收眼底。<br>\r\n\r\n◎清境農場<br>\r\n佔地約360餘公頃，農場有規劃為畜牧區、花卉區、茶園、?道、草原等等的區堿，其中「青青草原」的人氣指數最高，曠野寄情區內，一片青青草原連綿不盡，春季綠草如茵，牛羊悠閒漫步其中，宛若北國風光；風光如繪，氣候宜人，有「霧上桃源」之稱，為中部地區著名的觀光旅遊勝地。世外桃源一望無涯的景象，四周奼紫嫣紅，景色秀麗，清新自然，無垠的綠野更使人心怡神馳，漫步於草原上的羊群更為清境農場帶了無限旖旎風情，它們低頭吃草，有如塞外風光。<br>\r\n\r\n◎小瑞士花園<br>\r\n位於南投縣仁愛鄉境內，海拔1800公尺，空氣清新視野遼擴，景色怡人，因具有北歐風光之美素有『臺灣小瑞士』、『霧上桃源』之美名，故而取名為『清境小瑞士花園』。清境農場小瑞士花園佔地約6公頃，可謂全台最佳避暑聖地，主要以歐洲的童話故事為主題，以回歸自然來凸顯原始風光，共規劃歐風花園、親水鏡湖、水中舞台、星光草坪、湖畔臥櫻五大區塊，並由環湖步道、柳杉步道、楓林步道、落羽松步道及月型木棧道等植栽步道串連，營造瑞士童話城堡般的風情。', 5200, '3', 'picture/tra_45.jpg'),
('046', '專人專車◎寶島縱貫線西部奢華四日', '西部', '2017-06-30', '2017-07-03', '遊覽車', '第01天	專車迎賓→鹿港老街+玻璃廟→七股鹽山→台南古蹟-赤崁樓.安平老街→台南花園夜市\r\n第02天	飯店→阿里山森林遊樂區→新中橫景觀道路-夫妻樹.塔塔加→東埔溫泉→特色民宿\r\n第03天	飯店→車埕', '【阿里山森林遊樂區】阿里山國家風景區面積廣大，最為人知的莫過於阿里山森林遊樂區，阿里山國家森林遊樂區地處海拔２０００公尺以上，東臨玉山山脈與玉山國家公園相鄰，四周高山環列，氣候涼爽，西靠嘉南平原，北界雲林、南投縣，南接高雄、台南縣，阿里山國家森林遊樂區全部屬於國有林班地，總計面積高達１４００公頃。遊樂區內許多著名的景點如姐妹潭、慈雲寺、貴賓館（蔣公行館）、樹靈塔、高山植物園、塔山斷崖、石猴、三代木、受鎮宮、三兄弟、象鼻木、光武檜、高山博物館及眠月支線鐵路也是到阿里山旅遊不可錯過的景點。<br>\r\n【新中橫景觀道路－夫妻樹】夫妻樹位於南投縣信義鄉，於新中橫公路開通後，立即成為旅客駐足流連的勝景。夫妻樹命名由來，是因為高聳的樹幹，身形宛如夫妻般的互相相偎、互相扶持，在它們的背後流傳著一段淒美的愛情故事。夫妻樹周圍環境秀麗，吸引許多遊客前來，並留下合影，夜晚的夫妻樹有別於白天的感覺，在點點繁星的襯托下更顯得浪漫。<br>\r\n【塔塔加】　塔塔加（TATAKA）是鄒族原住民的語言，意思是遼闊、平坦的草原區，因為位於東部玉山與西邊阿里山之間小小的平台地，塔塔加是台灣高海拔植群的重要研究區域。遊憩區主要以鹿林山與麟芷山的健行步道為主，沿著步道走，可以看到「二葉松」與「華山松」倚山而立，丰姿宜人，春夏時分，綻放的小花各展嬌顏，從報春的馬醉木，暮春的粉白色申式杜鵑，鵝黃色的玉山小檗，奇觀應該是看到高山上特別肥碩的大蜜蜂忙碌地穿梭在嬌小的花卉間。<br>\r\n【塔塔加遊客中心】內除規劃展示廳、多媒體播放廳、販賣部之外，還設置了餐飲部；可別小看這一個小小的餐飲部，這裡可是新中橫公路上極少數的用餐地點喔！在此遊客中心，均免費提供遊客印蓋紀念章；兼具娛樂與教育性，至此一遊，別忘了蓋個戳章當紀念！<br>\r\n【東埔溫泉】東埔溫泉是大自然賜與養生的秘方，東埔溫泉係弱鹼性碳酸泉，其PH值為７.５～８.５ 之間，溫泉維持在攝氏４５度左右。冬天較高，夏天較低，不必用山泉水稀釋，是原汁溫泉。東埔溫泉位於望山山麓，隸屬於南投縣信義鄉，以天然溫泉及山景聞名，海拔約為１２００公尺。是夏季避暑的熱門觀光區。區內 溫泉水質透明，可浴可飲，還可以養顏美容。。\r\n', 8800, '1', 'picture/tra_46.jpg'),
('047', '快樂', '西部', '2017-06-14', '2017-06-15', '飛機', 'xaxscas  dvcdvvf dvdcdcdcdc', 'cdscdsc', 5000, '2', 'picture/tra_047.jpg');

--
-- 已匯出資料表的限制(Constraint)
--

--
-- 資料表的 Constraints `contact`
--
ALTER TABLE `contact`
  ADD CONSTRAINT `contact_ibfk_1` FOREIGN KEY (`member_id`) REFERENCES `member` (`member_id`) ON DELETE CASCADE ON UPDATE CASCADE;

--
-- 資料表的 Constraints `favorite`
--
ALTER TABLE `favorite`
  ADD CONSTRAINT `favorite_fk_1` FOREIGN KEY (`member_id`) REFERENCES `member` (`member_id`) ON DELETE CASCADE ON UPDATE CASCADE,
  ADD CONSTRAINT `favorite_ibfk_1` FOREIGN KEY (`travel_id`) REFERENCES `travel` (`travel_id`) ON DELETE CASCADE ON UPDATE CASCADE;

/*!40101 SET CHARACTER_SET_CLIENT=@OLD_CHARACTER_SET_CLIENT */;
/*!40101 SET CHARACTER_SET_RESULTS=@OLD_CHARACTER_SET_RESULTS */;
/*!40101 SET COLLATION_CONNECTION=@OLD_COLLATION_CONNECTION */;
